[
  {
    "platform" : "ANDROID",
    "searchTime" : "2021-08-23T21:24:01.277Z[UTC]",
    "searchQuery" : "fuer",
    "searchInteractionURIs" : [
      "spotify:album:51wepZm3YvZfvFxiu7D5F8"
    ]
  },
  {
    "platform" : "ANDROID",
    "searchTime" : "2021-08-24T02:32:19.627Z[UTC]",
    "searchQuery" : "cambi",
    "searchInteractionURIs" : [
      "spotify:track:0njOsb3y8TnwIJC7GnlWwD"
    ]
  },
  {
    "platform" : "ANDROID",
    "searchTime" : "2021-08-24T02:35:13.274Z[UTC]",
    "searchQuery" : "zamba p",
    "searchInteractionURIs" : [
      "spotify:track:6LLOYYePoJZs8Gy7FmoZ7o"
    ]
  },
  {
    "platform" : "ANDROID",
    "searchTime" : "2021-08-24T12:32:41.704Z[UTC]",
    "searchQuery" : "total",
    "searchInteractionURIs" : [
      "spotify:track:5InJsNKDCwm7Oi0Xujkhvs"
    ]
  },
  {
    "platform" : "ANDROID",
    "searchTime" : "2021-08-24T14:46:46.968Z[UTC]",
    "searchQuery" : "aunque te due",
    "searchInteractionURIs" : [
      "spotify:track:4GpOCn8aRUl9R4G8h1x3eH",
      "spotify:track:4GpOCn8aRUl9R4G8h1x3eH"
    ]
  },
  {
    "platform" : "ANDROID",
    "searchTime" : "2021-08-24T18:35:31.302Z[UTC]",
    "searchQuery" : "total interferencia",
    "searchInteractionURIs" : [
      "spotify:track:5InJsNKDCwm7Oi0Xujkhvs",
      "spotify:track:0abKxTPpbkPyarFEnXeqVE",
      "spotify:track:1eZ62EZjX7jazocXstbpjD",
      "spotify:track:5InJsNKDCwm7Oi0Xujkhvs",
      "spotify:track:5InJsNKDCwm7Oi0Xujkhvs"
    ]
  },
  {
    "platform" : "ANDROID",
    "searchTime" : "2021-08-25T11:27:14.905Z[UTC]",
    "searchQuery" : "tom miñ",
    "searchInteractionURIs" : [
      "spotify:album:28enuddLPEA914scE6Drvk"
    ]
  },
  {
    "platform" : "ANDROID",
    "searchTime" : "2021-08-27T11:54:23.219Z[UTC]",
    "searchQuery" : "de l",
    "searchInteractionURIs" : [
    ]
  },
  {
    "platform" : "ANDROID",
    "searchTime" : "2021-08-27T11:54:29.552Z[UTC]",
    "searchQuery" : "hijo",
    "searchInteractionURIs" : [
      "spotify:album:3e8flfLtloaUHUqv3PIR2o"
    ]
  },
  {
    "platform" : "ANDROID",
    "searchTime" : "2021-08-27T13:01:20.226Z[UTC]",
    "searchQuery" : "se es lo ",
    "searchInteractionURIs" : [
      "spotify:album:2jc4dbkhewS896fajyR7hZ"
    ]
  },
  {
    "platform" : "ANDROID",
    "searchTime" : "2021-09-01T16:57:49.392Z[UTC]",
    "searchQuery" : "Marcos Olaguibet",
    "searchInteractionURIs" : [
      "spotify:artist:4f5m8QuTXBcAWQpaHOCd7c"
    ]
  },
  {
    "platform" : "ANDROID",
    "searchTime" : "2021-09-03T02:00:45.099Z[UTC]",
    "searchQuery" : "stevie wonder",
    "searchInteractionURIs" : [
      "spotify:artist:7guDJrEfX3qb6FEbdPA5qi"
    ]
  },
  {
    "platform" : "ANDROID",
    "searchTime" : "2021-09-03T14:27:18.185Z[UTC]",
    "searchQuery" : "hits",
    "searchInteractionURIs" : [
      "spotify:playlist:2ClhJXe7qlZSFYzqjvZnPT"
    ]
  },
  {
    "platform" : "ANDROID",
    "searchTime" : "2021-09-12T03:43:22.471Z[UTC]",
    "searchQuery" : "rodrigo",
    "searchInteractionURIs" : [
    ]
  },
  {
    "platform" : "ANDROID",
    "searchTime" : "2021-09-12T03:43:58.928Z[UTC]",
    "searchQuery" : "rodrig",
    "searchInteractionURIs" : [
      "spotify:playlist:37i9dQZF1DX03IosU2q8j1",
      "spotify:artist:235Vf4hkmwvxjVEMuCbRxm",
      "spotify:playlist:37i9dQZF1DX03IosU2q8j1",
      "spotify:track:5MK642wCaNr9hRDZ3kWyDX",
      "spotify:track:2POTQjCiCtUyUZFNQYlM7z"
    ]
  },
  {
    "platform" : "ANDROID",
    "searchTime" : "2021-09-13T21:13:34.367Z[UTC]",
    "searchQuery" : "conoci",
    "searchInteractionURIs" : [
      "spotify:artist:79R7PUc6T6j09G8mJzNml2",
      "spotify:artist:79R7PUc6T6j09G8mJzNml2"
    ]
  },
  {
    "platform" : "ANDROID",
    "searchTime" : "2021-09-16T02:47:36.188Z[UTC]",
    "searchQuery" : "manu ",
    "searchInteractionURIs" : [
      "spotify:artist:6wH6iStAh4KIaWfuhf0NYM"
    ]
  },
  {
    "platform" : "ANDROID",
    "searchTime" : "2021-09-21T14:45:47.578Z[UTC]",
    "searchQuery" : "odi",
    "searchInteractionURIs" : [
      "spotify:show:33ZDnHxlajkYxWqeVj9qTW"
    ]
  },
  {
    "platform" : "ANDROID",
    "searchTime" : "2021-09-22T11:35:48.175Z[UTC]",
    "searchQuery" : "tom ",
    "searchInteractionURIs" : [
      "spotify:artist:1uiEZYehlNivdK3iQyAbye"
    ]
  },
  {
    "platform" : "ANDROID",
    "searchTime" : "2021-09-22T14:16:54.407Z[UTC]",
    "searchQuery" : "tch",
    "searchInteractionURIs" : [
      "spotify:artist:3MKCzCnpzw3TjUYs2v7vDA"
    ]
  },
  {
    "platform" : "ANDROID",
    "searchTime" : "2021-09-22T19:19:37.478Z[UTC]",
    "searchQuery" : "vival",
    "searchInteractionURIs" : [
      "spotify:artist:2QOIawHpSlOwXDvSqQ9YJR"
    ]
  },
  {
    "platform" : "ANDROID",
    "searchTime" : "2021-09-22T19:20:38.121Z[UTC]",
    "searchQuery" : "vival",
    "searchInteractionURIs" : [
      "spotify:artist:2QOIawHpSlOwXDvSqQ9YJR"
    ]
  },
  {
    "platform" : "ANDROID",
    "searchTime" : "2021-10-01T11:50:24.929Z[UTC]",
    "searchQuery" : "pani",
    "searchInteractionURIs" : [
      "spotify:track:7ao7jtJIMzppW0p1CwEJ9Q"
    ]
  },
  {
    "platform" : "ANDROID",
    "searchTime" : "2021-10-02T22:21:54.985Z[UTC]",
    "searchQuery" : "el tiempo",
    "searchInteractionURIs" : [
    ]
  },
  {
    "platform" : "ANDROID",
    "searchTime" : "2021-10-02T22:22:12.505Z[UTC]",
    "searchQuery" : "de la cab",
    "searchInteractionURIs" : [
      "spotify:album:7xdsaV2y15dItFMlsoWTqu"
    ]
  },
  {
    "platform" : "ANDROID",
    "searchTime" : "2021-10-05T19:58:28.680Z[UTC]",
    "searchQuery" : "fuer",
    "searchInteractionURIs" : [
      "spotify:album:51wepZm3YvZfvFxiu7D5F8"
    ]
  },
  {
    "platform" : "ANDROID",
    "searchTime" : "2021-10-06T01:58:35.469Z[UTC]",
    "searchQuery" : "How Can You Mend A Broken Heart Al Green",
    "searchInteractionURIs" : [
      "spotify:artist:3dkbV4qihUeMsqN4vBGg93",
      "spotify:artist:3dkbV4qihUeMsqN4vBGg93"
    ]
  },
  {
    "platform" : "ANDROID",
    "searchTime" : "2021-10-06T15:12:53.565Z[UTC]",
    "searchQuery" : "flopa",
    "searchInteractionURIs" : [
      "spotify:artist:4YTUVeo0e98siu66F21HFy"
    ]
  },
  {
    "platform" : "ANDROID",
    "searchTime" : "2021-10-08T18:47:17.247Z[UTC]",
    "searchQuery" : "under",
    "searchInteractionURIs" : [
      "spotify:album:3b2s2A8DPISbaQNxhrEsGQ"
    ]
  },
  {
    "platform" : "ANDROID",
    "searchTime" : "2021-10-09T13:27:25.630Z[UTC]",
    "searchQuery" : "musica clasica pa",
    "searchInteractionURIs" : [
      "spotify:playlist:0gdOfj3bXSbdXb6q7ZnMSX"
    ]
  },
  {
    "platform" : "ANDROID",
    "searchTime" : "2021-10-12T11:47:05.553Z[UTC]",
    "searchQuery" : "aint",
    "searchInteractionURIs" : [
      "spotify:track:1k1Bqnv2R0uJXQN4u6LKYt"
    ]
  },
  {
    "platform" : "ANDROID",
    "searchTime" : "2021-10-12T13:33:21.666Z[UTC]",
    "searchQuery" : "odi",
    "searchInteractionURIs" : [
      "spotify:show:33ZDnHxlajkYxWqeVj9qTW"
    ]
  },
  {
    "platform" : "ANDROID",
    "searchTime" : "2021-10-16T15:56:39.451Z[UTC]",
    "searchQuery" : "corazon",
    "searchInteractionURIs" : [
      "spotify:track:4L3TjNmQXBLC4zmqGCW5eM",
      "spotify:track:2zaZ81JI8KbYaL7210BB0U"
    ]
  },
  {
    "platform" : "ANDROID",
    "searchTime" : "2021-10-16T22:16:45.304Z[UTC]",
    "searchQuery" : "fl",
    "searchInteractionURIs" : [
      "spotify:track:7FXj7Qg3YorUxdrzvrcY25"
    ]
  },
  {
    "platform" : "ANDROID",
    "searchTime" : "2021-10-16T22:47:32.441Z[UTC]",
    "searchQuery" : "i feel ",
    "searchInteractionURIs" : [
      "spotify:track:5haXbSJqjjM0TCJ5XkfEaC",
      "spotify:track:5haXbSJqjjM0TCJ5XkfEaC"
    ]
  },
  {
    "platform" : "ANDROID",
    "searchTime" : "2021-10-17T15:55:32.929Z[UTC]",
    "searchQuery" : "eros",
    "searchInteractionURIs" : [
      "spotify:artist:61J0BktHv7PuP3tjTPYXSX"
    ]
  },
  {
    "platform" : "ANDROID",
    "searchTime" : "2021-10-19T17:20:59.175Z[UTC]",
    "searchQuery" : "yendo",
    "searchInteractionURIs" : [
      "spotify:album:1oZU9a9rdlLV2AB0OCocTZ"
    ]
  },
  {
    "platform" : "ANDROID",
    "searchTime" : "2021-10-20T10:05:42.830Z[UTC]",
    "searchQuery" : "yendo",
    "searchInteractionURIs" : [
    ]
  },
  {
    "platform" : "ANDROID",
    "searchTime" : "2021-10-22T11:01:36.834Z[UTC]",
    "searchQuery" : "geo",
    "searchInteractionURIs" : [
      "spotify:album:28enuddLPEA914scE6Drvk"
    ]
  },
  {
    "platform" : "ANDROID",
    "searchTime" : "2021-10-22T14:24:40.932Z[UTC]",
    "searchQuery" : "this is char",
    "searchInteractionURIs" : [
      "spotify:playlist:37i9dQZF1DWTHPnakEfdrP"
    ]
  },
  {
    "platform" : "ANDROID",
    "searchTime" : "2021-10-22T18:02:53.973Z[UTC]",
    "searchQuery" : "yendo",
    "searchInteractionURIs" : [
      "spotify:album:1oZU9a9rdlLV2AB0OCocTZ"
    ]
  },
  {
    "platform" : "ANDROID",
    "searchTime" : "2021-10-24T12:55:47.412Z[UTC]",
    "searchQuery" : "fuer",
    "searchInteractionURIs" : [
      "spotify:album:51wepZm3YvZfvFxiu7D5F8"
    ]
  },
  {
    "platform" : "ANDROID",
    "searchTime" : "2021-10-26T12:52:58.960Z[UTC]",
    "searchQuery" : "odi",
    "searchInteractionURIs" : [
      "spotify:show:33ZDnHxlajkYxWqeVj9qTW"
    ]
  },
  {
    "platform" : "ANDROID",
    "searchTime" : "2021-10-27T11:19:06.562Z[UTC]",
    "searchQuery" : "love me love ",
    "searchInteractionURIs" : [
      "spotify:track:5yT55i6u5zByvA6McnMIDZ"
    ]
  },
  {
    "platform" : "ANDROID",
    "searchTime" : "2021-10-27T11:19:25.960Z[UTC]",
    "searchQuery" : "i say ",
    "searchInteractionURIs" : [
      "spotify:track:1ZczOoLuCyDO5dKUPndxf5"
    ]
  },
  {
    "platform" : "ANDROID",
    "searchTime" : "2021-10-27T11:21:22.858Z[UTC]",
    "searchQuery" : "jami",
    "searchInteractionURIs" : [
      "spotify:artist:6J7biCazzYhU3gM9j1wfid"
    ]
  },
  {
    "platform" : "ANDROID",
    "searchTime" : "2021-10-27T12:32:00.457Z[UTC]",
    "searchQuery" : "rar",
    "searchInteractionURIs" : [
      "spotify:track:7mnf5omGMUwSfpwZrt5AZ0"
    ]
  },
  {
    "platform" : "ANDROID",
    "searchTime" : "2021-10-29T11:25:41.824Z[UTC]",
    "searchQuery" : "is",
    "searchInteractionURIs" : [
      "spotify:track:3NlLmKBJozwoi0k03Feb1N",
      "spotify:track:3NlLmKBJozwoi0k03Feb1N"
    ]
  },
  {
    "platform" : "ANDROID",
    "searchTime" : "2021-10-29T13:00:52.807Z[UTC]",
    "searchQuery" : "dancing in the le",
    "searchInteractionURIs" : [
      "spotify:track:2UayKZmrsYyjNj6T8frugJ"
    ]
  },
  {
    "platform" : "ANDROID",
    "searchTime" : "2021-10-29T15:34:31.911Z[UTC]",
    "searchQuery" : "easy",
    "searchInteractionURIs" : [
      "spotify:track:1JQ6Xm1JrvHfvAqhl5pwaA"
    ]
  },
  {
    "platform" : "ANDROID",
    "searchTime" : "2021-10-29T17:04:21.422Z[UTC]",
    "searchQuery" : "uli",
    "searchInteractionURIs" : [
      "spotify:artist:2UqRkW2wfEkZmyvKyTTv2W"
    ]
  },
  {
    "platform" : "ANDROID",
    "searchTime" : "2021-10-29T18:11:54.205Z[UTC]",
    "searchQuery" : "uli",
    "searchInteractionURIs" : [
    ]
  },
  {
    "platform" : "ANDROID",
    "searchTime" : "2021-10-30T13:35:57.648Z[UTC]",
    "searchQuery" : "feeli",
    "searchInteractionURIs" : [
      "spotify:track:6Rqn2GFlmvmV4w9Ala0I1e"
    ]
  },
  {
    "platform" : "ANDROID",
    "searchTime" : "2021-10-31T15:50:51.956Z[UTC]",
    "searchQuery" : "guardi",
    "searchInteractionURIs" : [
      "spotify:playlist:1BYJDKVa18DzMvx1sJ41Dp"
    ]
  },
  {
    "platform" : "ANDROID",
    "searchTime" : "2021-10-31T20:48:20.522Z[UTC]",
    "searchQuery" : "this is be",
    "searchInteractionURIs" : [
      "spotify:playlist:37i9dQZF1DX12YIlzNkccL"
    ]
  },
  {
    "platform" : "ANDROID",
    "searchTime" : "2021-11-01T17:29:23.952Z[UTC]",
    "searchQuery" : "musica para",
    "searchInteractionURIs" : [
      "spotify:album:5RJLKN7ucuVaRAUzNKtKB8"
    ]
  },
  {
    "platform" : "ANDROID",
    "searchTime" : "2021-11-02T14:06:41.925Z[UTC]",
    "searchQuery" : "cli",
    "searchInteractionURIs" : [
      "spotify:album:3OyBf97NOuJjhEpQHY920H"
    ]
  },
  {
    "platform" : "ANDROID",
    "searchTime" : "2021-11-02T19:25:30.860Z[UTC]",
    "searchQuery" : "shakir",
    "searchInteractionURIs" : [
      "spotify:album:3yQQUyIA3vRIRnB4rqtThe"
    ]
  },
  {
    "platform" : "ANDROID",
    "searchTime" : "2021-11-03T11:17:57.815Z[UTC]",
    "searchQuery" : "el tiem",
    "searchInteractionURIs" : [
      "spotify:track:1PBFuWxDnAj0iRkPaePboA"
    ]
  },
  {
    "platform" : "ANDROID",
    "searchTime" : "2021-11-03T12:21:38.726Z[UTC]",
    "searchQuery" : "ill",
    "searchInteractionURIs" : [
      "spotify:artist:2Rc3Tb5XUPF1YlnQwuPgjg"
    ]
  },
  {
    "platform" : "ANDROID",
    "searchTime" : "2021-11-03T15:40:05.689Z[UTC]",
    "searchQuery" : "trapo",
    "searchInteractionURIs" : [
      "spotify:album:1K64jidLVfUXr4aCBbcXEI"
    ]
  },
  {
    "platform" : "ANDROID",
    "searchTime" : "2021-11-03T22:12:22.403Z[UTC]",
    "searchQuery" : "antihu",
    "searchInteractionURIs" : [
      "spotify:album:3NsuNDcnIc0jAxpC9svIbz"
    ]
  },
  {
    "platform" : "ANDROID",
    "searchTime" : "2021-11-04T11:48:51.081Z[UTC]",
    "searchQuery" : "lets s",
    "searchInteractionURIs" : [
      "spotify:track:63xdwScd1Ai1GigAwQxE8y",
      "spotify:album:58eMx3QrTkiRmGGbSz2XL0"
    ]
  },
  {
    "platform" : "ANDROID",
    "searchTime" : "2021-11-04T13:57:32.276Z[UTC]",
    "searchQuery" : "marvi",
    "searchInteractionURIs" : [
      "spotify:artist:3koiLjNrgRTNbOwViDipeA"
    ]
  },
  {
    "platform" : "ANDROID",
    "searchTime" : "2021-11-05T21:50:56.545Z[UTC]",
    "searchQuery" : "cumbia ",
    "searchInteractionURIs" : [
      "spotify:playlist:0tEs4kx0KW3zVvF542cr8X"
    ]
  },
  {
    "platform" : "ANDROID",
    "searchTime" : "2021-11-08T17:25:38.976Z[UTC]",
    "searchQuery" : "geography",
    "searchInteractionURIs" : [
      "spotify:album:28enuddLPEA914scE6Drvk"
    ]
  },
  {
    "platform" : "ANDROID",
    "searchTime" : "2021-11-09T03:18:06.641Z[UTC]",
    "searchQuery" : "abril ",
    "searchInteractionURIs" : [
      "spotify:artist:0syNXPcVZZpTvXcfoRaXLg"
    ]
  },
  {
    "platform" : "ANDROID",
    "searchTime" : "2021-11-10T10:43:29.547Z[UTC]",
    "searchQuery" : "dos por",
    "searchInteractionURIs" : [
      "spotify:track:3UzTIziKGbnILGyjMQcjbj"
    ]
  },
  {
    "platform" : "ANDROID",
    "searchTime" : "2021-11-10T12:43:47.666Z[UTC]",
    "searchQuery" : "fito",
    "searchInteractionURIs" : [
      "spotify:artist:1bZNv4q3OxYq7mmnLha7Tu"
    ]
  },
  {
    "platform" : "ANDROID",
    "searchTime" : "2021-11-10T21:37:34.093Z[UTC]",
    "searchQuery" : "mumfo",
    "searchInteractionURIs" : [
      "spotify:artist:3gd8FJtBJtkRxdfbTu19U2"
    ]
  },
  {
    "platform" : "ANDROID",
    "searchTime" : "2021-11-12T00:35:46.316Z[UTC]",
    "searchQuery" : "the shrin",
    "searchInteractionURIs" : [
      "spotify:show:5gSdWPZdjxiQZ7C9pyls5Q"
    ]
  },
  {
    "platform" : "ANDROID",
    "searchTime" : "2021-11-12T12:59:02.086Z[UTC]",
    "searchQuery" : "dua",
    "searchInteractionURIs" : [
      "spotify:artist:6M2wZ9GZgrQXHCFfjv46we"
    ]
  },
  {
    "platform" : "ANDROID",
    "searchTime" : "2021-11-13T22:44:52.824Z[UTC]",
    "searchQuery" : "testo",
    "searchInteractionURIs" : [
      "spotify:album:4b9r4ceZWynWCxOtJGp6VC"
    ]
  },
  {
    "platform" : "ANDROID",
    "searchTime" : "2021-11-15T12:31:39.655Z[UTC]",
    "searchQuery" : "piaz",
    "searchInteractionURIs" : [
      "spotify:artist:7dsugSamBB7enWE2IrlbFg"
    ]
  },
  {
    "platform" : "ANDROID",
    "searchTime" : "2021-11-15T22:08:59.616Z[UTC]",
    "searchQuery" : "piazzola mon",
    "searchInteractionURIs" : [
      "spotify:album:0b618H7rseKK021ZEUhWQO"
    ]
  },
  {
    "platform" : "ANDROID",
    "searchTime" : "2021-11-16T11:57:14.530Z[UTC]",
    "searchQuery" : "musica para ba",
    "searchInteractionURIs" : [
      "spotify:playlist:1IY3OFewk143eiHeRYbhuu"
    ]
  },
  {
    "platform" : "ANDROID",
    "searchTime" : "2021-11-16T13:45:55.289Z[UTC]",
    "searchQuery" : "odis",
    "searchInteractionURIs" : [
      "spotify:show:33ZDnHxlajkYxWqeVj9qTW"
    ]
  },
  {
    "platform" : "ANDROID",
    "searchTime" : "2021-11-17T10:59:56.697Z[UTC]",
    "searchQuery" : "no es solo",
    "searchInteractionURIs" : [
      "spotify:album:1KYkaepx3oUWJRDR8ypzxH"
    ]
  },
  {
    "platform" : "ANDROID",
    "searchTime" : "2021-11-17T17:09:04.116Z[UTC]",
    "searchQuery" : "en vivo piel con piel",
    "searchInteractionURIs" : [
      "spotify:playlist:0WtpguSUqxrWe2JLPWRDiK"
    ]
  },
  {
    "platform" : "ANDROID",
    "searchTime" : "2021-11-17T22:04:09.038Z[UTC]",
    "searchQuery" : "mas",
    "searchInteractionURIs" : [
      "spotify:album:3MfNbOJuFb5H4CjrT49oiI"
    ]
  },
  {
    "platform" : "ANDROID",
    "searchTime" : "2021-11-19T11:33:55.004Z[UTC]",
    "searchQuery" : "euro",
    "searchInteractionURIs" : [
      "spotify:artist:7Js6Lde8thlIHXggv2SCBz"
    ]
  },
  {
    "platform" : "ANDROID",
    "searchTime" : "2021-11-19T11:34:27.681Z[UTC]",
    "searchQuery" : "i want ",
    "searchInteractionURIs" : [
      "spotify:track:1MsBRSbt5dqJSw3RxXtvCM",
      "spotify:track:1JLn8RhQzHz3qDqsChcmBl"
    ]
  },
  {
    "platform" : "ANDROID",
    "searchTime" : "2021-11-19T11:50:16.489Z[UTC]",
    "searchQuery" : "shake",
    "searchInteractionURIs" : [
      "spotify:track:0cqRj7pUJDkTCEsJkx8snD",
      "spotify:playlist:66k0U3JmZlw2zvw3nEsFko"
    ]
  },
  {
    "platform" : "ANDROID",
    "searchTime" : "2021-11-19T23:02:48.423Z[UTC]",
    "searchQuery" : "si el",
    "searchInteractionURIs" : [
      "spotify:album:6tZNvdFyg3IcWUY4Ap2PBX"
    ]
  }
]