{
  "tracks": [
    {
      "artist": "Bill Evans",
      "album": "Undercurrent",
      "track": "My Funny Valentine",
      "uri": "spotify:track:5jIvud0zWXDpINxFqXfbpv"
    },
    {
      "artist": "Woo Park",
      "album": "Smokes",
      "track": "Like Mine",
      "uri": "spotify:track:1zBN2sEfC2TQYweZc7LyGx"
    },
    {
      "artist": "Phil Collins",
      "album": "Hello, I Must Be Going!",
      "track": "You Can't Hurry Love - 2016 Remaster",
      "uri": "spotify:track:4YwbSZaYeYja8Umyt222Qf"
    },
    {
      "artist": "Bersuit Vergarabat",
      "album": "Hijos Del Culo",
      "track": "La Bolsa",
      "uri": "spotify:track:7nCOM3lwkPZREZAgmchQ89"
    },
    {
      "artist": "Bill Evans Trio",
      "album": "Sunday At The Village Vanguard [Keepnews Collection]",
      "track": "Jade Visions [take 2]",
      "uri": "spotify:track:3xjg5gjhKlFhshD7NuAmdd"
    },
    {
      "artist": "The Police",
      "album": "Synchronicity",
      "track": "Every Breath You Take",
      "uri": "spotify:track:1JSTJqkT5qHq8MDJnJbRE1"
    },
    {
      "artist": "Raúl Carnota",
      "album": "Solo los Martes",
      "track": "Memoria Adentro",
      "uri": "spotify:track:3cbxMHXs19LTgRqd4ldJrn"
    },
    {
      "artist": "Tim Simonec",
      "album": "Whiplash",
      "track": "Upswingin'",
      "uri": "spotify:track:5WqBJesqjRBLROGNbnOoNJ"
    },
    {
      "artist": "Wynton Marsalis Septet",
      "album": "United We Swing: Best of the Jazz at Lincoln Center Galas",
      "track": "The Last Time",
      "uri": "spotify:track:6do48AdJr05xTLxGwvw9f6"
    },
    {
      "artist": "Jim Hall",
      "album": "Jim Hall & Pat Metheny",
      "track": "Improvisation No. 5",
      "uri": "spotify:track:045MsBQdATuUtpZPPfwFvc"
    },
    {
      "artist": "Pedro Aznar",
      "album": "Puentes Amarillos (Aznar Celebra La Musica De Spinetta)",
      "track": "Kamikaze",
      "uri": "spotify:track:5izz5lBbkQCpxQ5rAUVxVl"
    },
    {
      "artist": "Audioslave",
      "album": "Audioslave",
      "track": "Show Me How to Live",
      "uri": "spotify:track:1Qdnvn4XlmZANCVy3XjrQo"
    },
    {
      "artist": "Portugal. The Man",
      "album": "Woodstock",
      "track": "Feel It Still",
      "uri": "spotify:track:6QgjcU0zLnzq5OrUoSZ3OK"
    },
    {
      "artist": "Bill Evans",
      "album": "We Will Meet Again",
      "track": "Only Child",
      "uri": "spotify:track:3b23h8mGWsaEP15Xkn0Xle"
    },
    {
      "artist": "Diana Krall",
      "album": "Stepping Out",
      "track": "Summertime - Remastered Bonus Track",
      "uri": "spotify:track:5BSLuXbwAWrET0VWxn2e8L"
    },
    {
      "artist": "Ludwig van Beethoven",
      "album": "Beethoven: Symphony No.3 - \"Eroica\"; Overtures",
      "track": "Music To Goethe's Tragedy \"Egmont\" Op.84: Overture",
      "uri": "spotify:track:0tNduaT8ckN6G0Z0zgwGsJ"
    },
    {
      "artist": "Jean-Louis Aubert",
      "album": "La Bande A Renaud",
      "track": "Dès que le vent soufflera",
      "uri": "spotify:track:5FjHng35NjhGvOeAKWmyFk"
    },
    {
      "artist": "Raúl Carnota",
      "album": "Solo los Martes",
      "track": "Solo Luz",
      "uri": "spotify:track:37spE6AUCfdhqu1RxEMmiT"
    },
    {
      "artist": "Oscar Peterson",
      "album": "The Composer",
      "track": "The Bach Suite: Allegro - Live",
      "uri": "spotify:track:5ldYARwUUKPaiLLPSGK6cD"
    },
    {
      "artist": "Gustavo Cerati",
      "album": "Ahí Vamos",
      "track": "Lago en el Cielo",
      "uri": "spotify:track:7E5pKhFENwrOCmgC7TCwhw"
    },
    {
      "artist": "Daymé Arocena",
      "album": "Cubafonía",
      "track": "Eleggua",
      "uri": "spotify:track:0I9Hap42UJqhALtUTMM8Cm"
    },
    {
      "artist": "Jim Hall",
      "album": "Jim Hall & Pat Metheny",
      "track": "Improvisation No. 3",
      "uri": "spotify:track:01cPVSW2H9V2tgMrCB4p91"
    },
    {
      "artist": "Andrés Calamaro",
      "album": "Andres",
      "track": "El salmón",
      "uri": "spotify:track:1mZXYaXINB9I76OPkOXsN0"
    },
    {
      "artist": "Avicii",
      "album": "Stories",
      "track": "Waiting For Love",
      "uri": "spotify:track:6nsLzJfvp5OLd4mgqUJkpq"
    },
    {
      "artist": "Hiromi",
      "album": "Spark",
      "track": "Wonderland",
      "uri": "spotify:track:60jaiDX59QtPMRtNZv19Pd"
    },
    {
      "artist": "Moon Boots",
      "album": "First Landing",
      "track": "Keep The Faith",
      "uri": "spotify:track:5d6C3XycqRLFAGLtyO3Rfx"
    },
    {
      "artist": "Mau y Ricky",
      "album": "Para Aventuras y Curiosidades",
      "track": "Perdóname",
      "uri": "spotify:track:4mivRZXyZbIDecPTiCtOjw"
    },
    {
      "artist": "Pedro Aznar",
      "album": "Quebrado Vivo",
      "track": "Jealous Guy",
      "uri": "spotify:track:2qYgo0UeZBiiqWHvScJrWZ"
    },
    {
      "artist": "KHEA",
      "album": "Loca",
      "track": "Loca",
      "uri": "spotify:track:0vnrhysrKKRdNYFKLAGzRc"
    },
    {
      "artist": "Bersuit Vergarabat",
      "album": "Hijos Del Culo",
      "track": "Toco Y Me Voy",
      "uri": "spotify:track:01nTBDbeOYE4ieFnPBeZ9x"
    },
    {
      "artist": "Avishai Cohen",
      "album": "Continuo",
      "track": "Smash",
      "uri": "spotify:track:4gIlcweWtrB7ttKbAzAtvr"
    },
    {
      "artist": "Bill Evans Trio",
      "album": "Portrait In Jazz",
      "track": "Autumn Leaves - Album Version - (take 2 bonus track)",
      "uri": "spotify:track:0FxrRWZPY9DHymBIrGSJMQ"
    },
    {
      "artist": "Fito Paez",
      "album": "Rey Sol",
      "track": "El diablo de tu corazón",
      "uri": "spotify:track:4NVa0Glsh2hztWIzGooe51"
    },
    {
      "artist": "Buddy Rich Big Band",
      "album": "The Best Of Buddy Rich / The Pacific Jazz Years",
      "track": "Chelsea Bridge - Live At Caesars Palace, Las Vegas, Nevada/1968",
      "uri": "spotify:track:5xyKFDkVGLx8tKHSGtnDs8"
    },
    {
      "artist": "Raúl Carnota",
      "album": "Solo los Martes",
      "track": "La Vieja",
      "uri": "spotify:track:2TvZF9GoqwgzlBedMIXbMV"
    },
    {
      "artist": "Maluma",
      "album": "F.A.M.E.",
      "track": "Marinero",
      "uri": "spotify:track:6x5LBP3nYXVdIDoomChGr3"
    },
    {
      "artist": "Marquis Hill",
      "album": "The Way We Play",
      "track": "Fly Little Bird Fly",
      "uri": "spotify:track:1hvSujGrlszZOYzUcYNtAl"
    },
    {
      "artist": "Terumasa Hino",
      "album": "Kimiko",
      "track": "Sweet Love of Mine",
      "uri": "spotify:track:36GY35Nrb0GROSDj71Ouco"
    },
    {
      "artist": "Pedro Aznar",
      "album": "Puentes Amarillos (Aznar Celebra La Musica De Spinetta)",
      "track": "Todas Las Hojas Son Del Viento",
      "uri": "spotify:track:0jvEJhKtmKsiJWSkc8q57r"
    },
    {
      "artist": "Justin Hurwitz",
      "album": "Whiplash",
      "track": "Dismissed",
      "uri": "spotify:track:7EboY7hUuq8xFlA8uqJDcY"
    },
    {
      "artist": "NAFTA",
      "album": "Nafta",
      "track": "Veni Mirá",
      "uri": "spotify:track:4fDUAfzsQKszt09InZKRE4"
    },
    {
      "artist": "Hansu-Tori",
      "album": "An Improvised Escape",
      "track": "South Western",
      "uri": "spotify:track:173ycmuEmPqJh0eVaHwzww"
    },
    {
      "artist": "Bill Evans Trio",
      "album": "Sunday At The Village Vanguard [Keepnews Collection]",
      "track": "Gloria's Step [take 2]",
      "uri": "spotify:track:3SdGtfVKE1wkV8Bl2Undlj"
    },
    {
      "artist": "Bill Evans",
      "album": "We Will Meet Again",
      "track": "Comrade Conrad",
      "uri": "spotify:track:2slkszOMOsSIZUSX0KZZ4L"
    },
    {
      "artist": "Nicola Cruz",
      "album": "Prender el Alma",
      "track": "Cumbia del Olvido",
      "uri": "spotify:track:6qINThmTDYBm8twguFRueG"
    },
    {
      "artist": "J.K. Simmons",
      "album": "Whiplash",
      "track": "Good Job - He Was A Beautiful Player",
      "uri": "spotify:track:6mcgu0zJR3PSqAbVHYrCv5"
    },
    {
      "artist": "Gustavo Cerati",
      "album": "Ahí Vamos",
      "track": "Uno Entre 1000",
      "uri": "spotify:track:08THJWH8yk4DFPUSLaSsdX"
    },
    {
      "artist": "Gustavo Cerati",
      "album": "Ahí Vamos",
      "track": "Me Quedo Aquí",
      "uri": "spotify:track:4WKH3ZufaTN3GuUjvnXHqa"
    },
    {
      "artist": "Catupecu Machu",
      "album": "El Número Imperfecto",
      "track": "A Veces Vuelvo",
      "uri": "spotify:track:2E2dLZK0gSTl6vjr53BfKM"
    },
    {
      "artist": "Catupecu Machu",
      "album": "El Número Imperfecto",
      "track": "Plan B: Anhelo De Satisfacción",
      "uri": "spotify:track:4JuRUldOrhME0yrUYZhKHS"
    },
    {
      "artist": "Justin Hurwitz",
      "album": "Whiplash",
      "track": "Ryan / Breakup",
      "uri": "spotify:track:2eCjEroZDihzsPZ1wEv7Sp"
    },
    {
      "artist": "Raúl Carnota",
      "album": "Solo los Martes",
      "track": "Viene Clareando",
      "uri": "spotify:track:4joyaZ8t8vUX7BVyHZaf6b"
    },
    {
      "artist": "Alfredo Rodriguez",
      "album": "Tocororo",
      "track": "Gitanerías",
      "uri": "spotify:track:666R7qKDCnnJ368rZXgU1g"
    },
    {
      "artist": "Bill Evans",
      "album": "We Will Meet Again",
      "track": "Peri's Scope",
      "uri": "spotify:track:1lAcn8ihytjjWJD6rSHZYq"
    },
    {
      "artist": "Stanley Jordan",
      "album": "The Best Of Stanley Jordan",
      "track": "Eleanor Rigby",
      "uri": "spotify:track:31tvo9Jv6t2bliBBGqhWJ2"
    },
    {
      "artist": "Stanton Moore",
      "album": "Conversations",
      "track": "Driftin'",
      "uri": "spotify:track:0jLJkOXkz78xkvcnUJO5eH"
    },
    {
      "artist": "Sonny Criss",
      "album": "The Complete Imperial Sessions",
      "track": "How High The Moon",
      "uri": "spotify:track:1iLCrjaep8a9CY8MNUnhXo"
    },
    {
      "artist": "Mykia Jovan",
      "album": "16 Shots",
      "track": "16 Shots",
      "uri": "spotify:track:1jaVM4uSEnqdAy1PZcftbP"
    },
    {
      "artist": "Khruangbin",
      "album": "Con Todo El Mundo",
      "track": "August 10",
      "uri": "spotify:track:36t0YjUdQmxBklJqfABjAM"
    },
    {
      "artist": "Paul Desmond Quartet",
      "album": "First Place Again",
      "track": "Time After Time",
      "uri": "spotify:track:1LXEXOc0c1qiyBeZCBmAQE"
    },
    {
      "artist": "Maluma",
      "album": "PAPI JUANCHO",
      "track": "Hawái",
      "uri": "spotify:track:1yoMvmasuxZfqHEipJhRbp"
    },
    {
      "artist": "Vijay Iyer",
      "album": "Accelerando",
      "track": "Human Nature (Trio Extension)",
      "uri": "spotify:track:6vT6GhO6th2JE3NBQRlhKL"
    },
    {
      "artist": "Giacomo Puccini",
      "album": "Puccini: Turandot - Highlights",
      "track": "Turandot / Act 3: \"Nessun dorma!\"",
      "uri": "spotify:track:74WjYdm3Lvbwnds4thYPUU"
    },
    {
      "artist": "Pink Martini",
      "album": "Sympathique",
      "track": "Sympathique",
      "uri": "spotify:track:2h5AGREom57lSgqnBh9mWn"
    },
    {
      "artist": "Gene Ammons",
      "album": "Gentle Jug, Volume 2",
      "track": "My Romance - Rudy Van Gelder Remaster",
      "uri": "spotify:track:0oHx6KfbXPW9JYj9Yddc75"
    },
    {
      "artist": "Sonny Rollins",
      "album": "Don't Ask",
      "track": "My Ideal",
      "uri": "spotify:track:7AIDAp52sQRlRH3GBqq2Tk"
    },
    {
      "artist": "Bill Evans",
      "album": "Undercurrent",
      "track": "Skating In Central Park",
      "uri": "spotify:track:1cpANF6zMBoFoxkoIjZHjv"
    },
    {
      "artist": "Miami Horror",
      "album": "Leila",
      "track": "Leila - Poolside Remix",
      "uri": "spotify:track:4mb4Ykp6StyjfDG0kyn6YM"
    },
    {
      "artist": "Cannonball Adderley",
      "album": "Somethin' Else",
      "track": "Love For Sale - Remastered",
      "uri": "spotify:track:16Po3i2Kcsy74jz0lp6fdJ"
    },
    {
      "artist": "Manhattan Jazz Orchestra",
      "album": "Swing, Swing, Swing",
      "track": "Swing, Swing, Swing",
      "uri": "spotify:track:6JwEj6UvckDcsgTINetl4L"
    },
    {
      "artist": "Dua Lipa",
      "album": "Dua Lipa",
      "track": "Be the One",
      "uri": "spotify:track:7FCfMXYTIiQ9b4hDYs4Iol"
    },
    {
      "artist": "Manu Katché",
      "album": "Live in Concert (feat. Luca Aquino, Tore Brunborg & Jim “James” Watson)",
      "track": "Song for Her - Live",
      "uri": "spotify:track:5vNBAUYGiroRxcjOyRndHg"
    },
    {
      "artist": "Luis Salinas",
      "album": "Desde el Alma",
      "track": "El Antigual",
      "uri": "spotify:track:5weSn0xlmmdHgcnJ8vDzGG"
    },
    {
      "artist": "Sam Cooke",
      "album": "The Man Who Invented Soul",
      "track": "(What A) Wonderful World",
      "uri": "spotify:track:2g2GkH3vZHk4lWzBjgQ6nY"
    },
    {
      "artist": "Bersuit Vergarabat",
      "album": "La Argentinidad Al Palo",
      "track": "El Viento Trae Una Copla",
      "uri": "spotify:track:1yGIYNQKMzSCaJvpBTG85N"
    },
    {
      "artist": "Gato Barbieri",
      "album": "Fenix",
      "track": "El Dia Que Me Quieras",
      "uri": "spotify:track:4rrV0KG3hRh2jelGpUcVqs"
    },
    {
      "artist": "Bill Evans Trio",
      "album": "Sunday At The Village Vanguard [Keepnews Collection]",
      "track": "Alice In Wonderland [take 2]",
      "uri": "spotify:track:0qCFCNa9n2vH7r84JGWCDB"
    },
    {
      "artist": "Pedro Aznar",
      "album": "Puentes Amarillos (Aznar Celebra La Musica De Spinetta)",
      "track": "Cantata De Puentes Amarillos",
      "uri": "spotify:track:6eXrXxsLMVQONMzGASpGxA"
    },
    {
      "artist": "Raúl Carnota",
      "album": "Solo los Martes",
      "track": "La Bolivianita",
      "uri": "spotify:track:0eNPNG5WOFLOz2QKd76l0W"
    },
    {
      "artist": "Damas Gratis",
      "album": "Me Vas a Extrañar (En Vivo)",
      "track": "Me Vas a Extrañar - En Vivo",
      "uri": "spotify:track:3CACzG9I3AoKUKA3ODE5zW"
    },
    {
      "artist": "Jim Hall",
      "album": "Baby Loves Call",
      "track": "9:20 Special",
      "uri": "spotify:track:2QtoSmgwiFCaB73rZak3hh"
    },
    {
      "artist": "Bill Evans Trio",
      "album": "Portrait In Jazz",
      "track": "Peri's Scope",
      "uri": "spotify:track:7m8o229Eolo0ifwqCWUqSg"
    },
    {
      "artist": "Bill Evans",
      "album": "Affinity",
      "track": "I Do It For Your Love",
      "uri": "spotify:track:3veJrXq10kGZU3Wpmjvg10"
    },
    {
      "artist": "Slickaphonics",
      "album": "Modern Life",
      "track": "Pantomime",
      "uri": "spotify:track:305kHrs0VKV81cejdt2h0m"
    },
    {
      "artist": "Pedro Aznar",
      "album": "Quebrado Vivo",
      "track": "Angie",
      "uri": "spotify:track:78Gwyv2Ui2KSKLZtFoNGbD"
    },
    {
      "artist": "Miguel Zenón",
      "album": "Tipico",
      "track": "Academia",
      "uri": "spotify:track:4hfM7SkB0XrIjCCkemECvQ"
    },
    {
      "artist": "Bill Evans Trio",
      "album": "Sunday At The Village Vanguard [Keepnews Collection]",
      "track": "All Of You [take 3]",
      "uri": "spotify:track:03r5hVFn47P0Ok2z9z7O4B"
    },
    {
      "artist": "Justin Hurwitz",
      "album": "Whiplash",
      "track": "Practicing",
      "uri": "spotify:track:4Zj7uNKTs9xeo9raM3Hdjk"
    },
    {
      "artist": "Amber Run",
      "album": "5AM (Expanded Edition)",
      "track": "I Found",
      "uri": "spotify:track:5zT5cMnMKoyruPj13TQXGx"
    },
    {
      "artist": "David Hazeltine",
      "album": "The New Classic Trio",
      "track": "I'll Let You Know",
      "uri": "spotify:track:3s2RFp5hU6jEvAmfZrnrAi"
    },
    {
      "artist": "Astor Piazzolla",
      "album": "Live at the Montreal Jazz Festival",
      "track": "Muerte del Angel",
      "uri": "spotify:track:0js9GNN0ZTWMbpdVB53j9j"
    },
    {
      "artist": "Raúl Carnota",
      "album": "Solo los Martes",
      "track": "Coplas del Rencoroso",
      "uri": "spotify:track:69ZMb1lG3XNOJylhBIXtbk"
    },
    {
      "artist": "Bill Evans Trio",
      "album": "Portrait In Jazz",
      "track": "Spring Is Here",
      "uri": "spotify:track:584GEHGns8qVlhtsJqVEEp"
    },
    {
      "artist": "Astor Piazzolla",
      "album": "Live at the Montreal Jazz Festival",
      "track": "Chin Chin",
      "uri": "spotify:track:4ckcNjuWpK5qRWbh3Cv9DC"
    },
    {
      "artist": "Ludwig van Beethoven",
      "album": "Beethoven: Piano Sonatas Nos. 14, 8, & 23",
      "track": "Piano Sonata No. 14 in C-Sharp Minor, Op. 27 No. 2 \"Moonlight\": I. Adagio sostenuto",
      "uri": "spotify:track:3BPBSgZcr9gHNIegIzfdwu"
    },
    {
      "artist": "Pedro Aznar",
      "album": "Puentes Amarillos (Aznar Celebra La Musica De Spinetta)",
      "track": "Dulce Tres Nocturno",
      "uri": "spotify:track:1fxYrHcqlnJdpjCJ1gwv7D"
    },
    {
      "artist": "Astor Piazzolla",
      "album": "Live at the Montreal Jazz Festival",
      "track": "Adios Nonino",
      "uri": "spotify:track:2XCmFCbM64QBhb0pl5P8KA"
    },
    {
      "artist": "Robert Glasper",
      "album": "Covered (The Robert Glasper Trio Recorded Live At Capitol Studios)",
      "track": "I Don't Even Care - Live At Capitol Studios / 2014",
      "uri": "spotify:track:4aV6FnmU30NcprNR45VF9w"
    },
    {
      "artist": "Richard Walters",
      "album": "July Bones",
      "track": "July Bones",
      "uri": "spotify:track:0MDBxpluHSND1xFepfOzD3"
    },
    {
      "artist": "Gustavo Cerati",
      "album": "Ahí Vamos",
      "track": "Me Quedo Aquí",
      "uri": "spotify:track:6lUBD8XA38zIFt6C0giPsP"
    },
    {
      "artist": "Kamasi Washington",
      "album": "The Epic",
      "track": "Final Thought",
      "uri": "spotify:track:1NiYMmNWaIQTODcA06EYDa"
    },
    {
      "artist": "Pat Metheny",
      "album": "The Unity Sessions",
      "track": "Adagia",
      "uri": "spotify:track:01wCETlTDSBVLA0lie5ELb"
    },
    {
      "artist": "Chick Corea",
      "album": "Light As A Feather",
      "track": "500 Miles High",
      "uri": "spotify:track:0EfAFQErNEJsKI1lcxdGZf"
    },
    {
      "artist": "Jim Hall",
      "album": "Jim Hall & Pat Metheny",
      "track": "Improvisation No. 1",
      "uri": "spotify:track:1EIZ8yYQkbngEEkk4A2nAU"
    },
    {
      "artist": "Bersuit Vergarabat",
      "album": "La Argentinidad Al Palo",
      "track": "El Viento Trae Una Copla / Siempre Triunfará El Amor",
      "uri": "spotify:track:2tHZvkZ8VYTVUqqhgtznwi"
    },
    {
      "artist": "Amtrac",
      "album": "1987",
      "track": "Never Lost",
      "uri": "spotify:track:4X8oQZ8LvTRdrjtSs2048s"
    },
    {
      "artist": "Monsieur Periné",
      "album": "Encanto Tropical",
      "track": "Me Vas a Hacer Falta",
      "uri": "spotify:track:6eEnycLcdQWSkgg12wjN4o"
    },
    {
      "artist": "Michael Brecker",
      "album": "Tales From The Hudson",
      "track": "Midnight Voyage",
      "uri": "spotify:track:08x0mAmcUTJQawTY83Wu9x"
    },
    {
      "artist": "Olivia Rodrigo",
      "album": "good 4 u",
      "track": "good 4 u",
      "uri": "spotify:track:6PERP62TejQjgHu81OHxgM"
    },
    {
      "artist": "Jim Hall",
      "album": "Jim Hall & Pat Metheny",
      "track": "Farmer's Trust - Live Recording",
      "uri": "spotify:track:69USEPfQKlvJKhw42Aqmds"
    },
    {
      "artist": "The Black Keys",
      "album": "Attack & Release",
      "track": "Lies",
      "uri": "spotify:track:7fUC5ML18aWQpU88jSofQu"
    },
    {
      "artist": "Buddy Rich",
      "album": "The Best Of Buddy Rich / The Pacific Jazz Years",
      "track": "Rotten Kid",
      "uri": "spotify:track:5JO23XZxDOWae0B10jXYBf"
    },
    {
      "artist": "Pharrell Williams",
      "album": "G I R L",
      "track": "Happy - From \"Despicable Me 2\"",
      "uri": "spotify:track:5b88tNINg4Q4nrRbrCXUmg"
    },
    {
      "artist": "Gustavo Cerati",
      "album": "Ahí Vamos",
      "track": "Adiós",
      "uri": "spotify:track:6jEKJqhohwvlfXIc1ozGxl"
    },
    {
      "artist": "Cannonball Adderley",
      "album": "Things Are Getting Better [Original Jazz Classics Remasters]",
      "track": "Things Are Getting Better",
      "uri": "spotify:track:5VvuTcsgScB2fAG61EQYq9"
    },
    {
      "artist": "Ana Caram",
      "album": "Blue Bossa",
      "track": "Desafinado",
      "uri": "spotify:track:07XtCm8NHbgFswT5tVPTfY"
    },
    {
      "artist": "Tim Simonec",
      "album": "Whiplash",
      "track": "Too Hip To Retire",
      "uri": "spotify:track:3fsCY54sPFm2wgzsq1I1jb"
    },
    {
      "artist": "Tale Of Us",
      "album": "Monument Remixes",
      "track": "Monument - Stephan Bodzin Remix",
      "uri": "spotify:track:3VwUw2BsgZ9D1U3uti1oRt"
    },
    {
      "artist": "Buddy Rich",
      "album": "The Best Of Buddy Rich / The Pacific Jazz Years",
      "track": "Groovin' Hard - Live At The Tropicana, Las Vegas, NV/1970",
      "uri": "spotify:track:2fy79x3d2o7e03OuEtT8Hx"
    },
    {
      "artist": "Daymé Arocena",
      "album": "Nueva Era",
      "track": "El Ruso",
      "uri": "spotify:track:2xA9DhCOcYrKiD1bY1EF4J"
    },
    {
      "artist": "Jack Johnson",
      "album": "From Here To Now To You",
      "track": "I Got You",
      "uri": "spotify:track:12jjuxN1gxlm29cqL5M6MW"
    },
    {
      "artist": "Sam Smith",
      "album": "In The Lonely Hour",
      "track": "Stay With Me",
      "uri": "spotify:track:62NVyyEBiRxGae3SeB97nl"
    },
    {
      "artist": "Ed Sheeran",
      "album": "x",
      "track": "Photograph",
      "uri": "spotify:track:1HNkqx9Ahdgi1Ixy2xkKkL"
    },
    {
      "artist": "Alex Mercado Trio",
      "album": "Symbiosis",
      "track": "Wise",
      "uri": "spotify:track:1Ev625HZd9fImkY0jw4qht"
    },
    {
      "artist": "Pedro Aznar",
      "album": "Puentes Amarillos (Aznar Celebra La Musica De Spinetta)",
      "track": "Durazno Sangrando",
      "uri": "spotify:track:7y52e0pWJViXwDCBf9nOvt"
    },
    {
      "artist": "Bersuit Vergarabat",
      "album": "Hijos Del Culo",
      "track": "Porteño De Ley",
      "uri": "spotify:track:28mKGWHZDKqCrv0pQrMWqz"
    },
    {
      "artist": "Justin Hurwitz",
      "album": "Whiplash",
      "track": "When I Wake",
      "uri": "spotify:track:5OEw9kGLGaiqqnlpM5D15c"
    },
    {
      "artist": "Elizabeth Shepherd Trio",
      "album": "Start To Move",
      "track": "Start To Move",
      "uri": "spotify:track:6CwacbJwHgYOoOtbRGIOYq"
    },
    {
      "artist": "Kevin Eubanks",
      "album": "Duets",
      "track": "Someone Like You",
      "uri": "spotify:track:35c5BMy2BRqaxYnAUyPIQS"
    },
    {
      "artist": "Bill Evans Trio",
      "album": "Portrait In Jazz",
      "track": "Come Rain Or Come Shine",
      "uri": "spotify:track:0T3D4VoP2LSP1TemQBX7qV"
    },
    {
      "artist": "Pedro Aznar",
      "album": "Puentes Amarillos (Aznar Celebra La Musica De Spinetta)",
      "track": "El Anillo Del Capitán Beto",
      "uri": "spotify:track:1aN2Wt3GRNG0HlU3yZIsno"
    },
    {
      "artist": "Cannonball Adderley",
      "album": "In Person",
      "track": "Work Song (Remastered)",
      "uri": "spotify:track:4zVxodftD8x2K7KI7VoQtW"
    },
    {
      "artist": "Steps Ahead",
      "album": "Magnetic",
      "track": "In a Sentimental Mood",
      "uri": "spotify:track:54UCHdz61P74mrJxmrahQl"
    },
    {
      "artist": "Stephan Bodzin",
      "album": "Strand",
      "track": "Strand",
      "uri": "spotify:track:7enI1KbQAwrMcu6Zf5FScf"
    },
    {
      "artist": "Michael Brecker",
      "album": "Tales From The Hudson",
      "track": "Midnight Voyage",
      "uri": "spotify:track:5Rrq8BgKuNYP7VrTemuAK0"
    },
    {
      "artist": "Esperanza Spalding",
      "album": "Emily’s D+Evolution",
      "track": "Judas",
      "uri": "spotify:track:4qweq7Zp2QnST0lC9WchKA"
    },
    {
      "artist": "Bersuit Vergarabat",
      "album": "La Argentinidad Al Palo",
      "track": "Convalescencia En Valencia",
      "uri": "spotify:track:3KV7ce9xnhgahiLGTtFhj4"
    },
    {
      "artist": "Justin Hurwitz",
      "album": "Whiplash",
      "track": "Call From Dad",
      "uri": "spotify:track:2GzDowb9bEDV2exyBO11V4"
    },
    {
      "artist": "TINI",
      "album": "22",
      "track": "22",
      "uri": "spotify:track:07L6tEZIfCX3GZAWCpGj0e"
    },
    {
      "artist": "Jonathan Richman",
      "album": "Action Packed: The Best of Jonathan Richman",
      "track": "I Was Dancing In The Lesbian Bar",
      "uri": "spotify:track:5eTLLzbcOFDtc8Gg2ykSgq"
    },
    {
      "artist": "Bill Evans Trio",
      "album": "Sunday At The Village Vanguard [Keepnews Collection]",
      "track": "Gloria's Step [take 3]",
      "uri": "spotify:track:4ixp5AFxvFBPXcbcZqL849"
    },
    {
      "artist": "Takuya Kuroda",
      "album": "Rising Son",
      "track": "Green And Gold",
      "uri": "spotify:track:2U7RnASWqpGLGUY1uOKzF5"
    },
    {
      "artist": "Queen",
      "album": "Hot Space",
      "track": "Under Pressure - Remastered 2011",
      "uri": "spotify:track:2fuCquhmrzHpu5xcA1ci9x"
    },
    {
      "artist": "Snarky Puppy",
      "album": "Culcha Vulcha",
      "track": "GØ",
      "uri": "spotify:track:44POiLUJJCDK7jFt0ebCxb"
    },
    {
      "artist": "Gustavo Cerati",
      "album": "Ahí Vamos",
      "track": "Crimen",
      "uri": "spotify:track:7HXrMaDyOdid1spAiQgosn"
    },
    {
      "artist": "Branford Marsalis",
      "album": "I Heard You Twice The First Time",
      "track": "Berta, Berta",
      "uri": "spotify:track:6qch9OCGDjfw7gcgUvaXbf"
    },
    {
      "artist": "Charly García",
      "album": "Piano Bar",
      "track": "Total Interferencia",
      "uri": "spotify:track:5InJsNKDCwm7Oi0Xujkhvs"
    },
    {
      "artist": "Troy Roberts",
      "album": "Secret Rhymes",
      "track": "Piano Concerto No. 2 (feat. Jeff Tain Watts, Silvano Monasterios & Chris Smith)",
      "uri": "spotify:track:1304Brw70MJMGq2l5UZmqv"
    },
    {
      "artist": "Wes Montgomery",
      "album": "Wes Montgomery: Finest Hour",
      "track": "A Day In The Life",
      "uri": "spotify:track:6f7r5i4xVwePkHDHwwMK75"
    },
    {
      "artist": "Buddy Rich",
      "album": "The Best Of Buddy Rich / The Pacific Jazz Years",
      "track": "West Side Story Medley - Live / Remastered",
      "uri": "spotify:track:5B1Lx2tRNjYPq4Zs5GSIFI"
    },
    {
      "artist": "Pedro Aznar",
      "album": "Quebrado Vivo",
      "track": "Quebrado",
      "uri": "spotify:track:0y3ha2N6ZiNo5KVGKab2E2"
    },
    {
      "artist": "Leo García",
      "album": "Cuarto Creciente",
      "track": "Tesoro",
      "uri": "spotify:track:4Lo9osdsopemnKIfgi6IqW"
    },
    {
      "artist": "Bersuit Vergarabat",
      "album": "La Argentinidad Al Palo",
      "track": "Ades Tiempo",
      "uri": "spotify:track:2Wyfs04rJdpQ0OJv2j2eSm"
    },
    {
      "artist": "Commodores",
      "album": "Commodores",
      "track": "Easy",
      "uri": "spotify:track:1JQ6Xm1JrvHfvAqhl5pwaA"
    },
    {
      "artist": "Buddy Rich Big Band",
      "album": "The Best Of Buddy Rich / The Pacific Jazz Years",
      "track": "Love For Sale - Live At Chez Club, Hollywood/1966/Remix",
      "uri": "spotify:track:67BBzbF6t4ejG7HwVjQ4Tm"
    },
    {
      "artist": "Carla Bruni",
      "album": "Little French Songs",
      "track": "J'arrive à toi",
      "uri": "spotify:track:6ot0yfZhrCWsv63xj5uoib"
    },
    {
      "artist": "Jorge Drexler",
      "album": "Bailar en la cueva",
      "track": "Organdí",
      "uri": "spotify:track:5mvGbNjKaqB63vFdN2MZ7m"
    },
    {
      "artist": "BADBADNOTGOOD",
      "album": "IV",
      "track": "Time Moves Slow",
      "uri": "spotify:track:61yfA2rLdxuaBncErNPnBY"
    },
    {
      "artist": "Babasónicos",
      "album": "Jessico",
      "track": "El Loco",
      "uri": "spotify:track:2jEjxOyKqMpkcThWl697hf"
    },
    {
      "artist": "Bersuit Vergarabat",
      "album": "Hijos Del Culo",
      "track": "Es Importante",
      "uri": "spotify:track:7yJjYMjv4pt8o7jgniBy3P"
    },
    {
      "artist": "Sumo",
      "album": "Obras Cumbres",
      "track": "Heroína",
      "uri": "spotify:track:4B8RgJYRFMljcAkehZiWO9"
    },
    {
      "artist": "Carlos Henriquez",
      "album": "The Bronx Pyramid",
      "track": "Cuchifrito",
      "uri": "spotify:track:3KL71OfzGjSeNeMfPQ4w3V"
    },
    {
      "artist": "Wild Card",
      "album": "Organic Riot",
      "track": "Do u wanna know?",
      "uri": "spotify:track:3cm5GHqmFOAY8hpYdsbLDD"
    },
    {
      "artist": "Invisible",
      "album": "El Jardin de los Presentes",
      "track": "Los Libros de la Buena Memoria",
      "uri": "spotify:track:2Xmngyu2TzYsxnleGTHq1D"
    },
    {
      "artist": "Theo Croker",
      "album": "AfroPhysicist",
      "track": "Light Skinned Beauty",
      "uri": "spotify:track:7KUJeTrpC3Lwo0Nm79P4Ju"
    },
    {
      "artist": "The Modern Jazz Quartet",
      "album": "Lost Tapes: The Modern Jazz Quartet",
      "track": "J. B. Blues",
      "uri": "spotify:track:3oVXTTaSE9IX5W7pIBax4h"
    },
    {
      "artist": "Jim Hall",
      "album": "Jim Hall & Pat Metheny",
      "track": "Into the Dream",
      "uri": "spotify:track:6vRrXNhQTpko7PIteSjc2W"
    },
    {
      "artist": "Bersuit Vergarabat",
      "album": "La Argentinidad Al Palo",
      "track": "Al Olor Del Hogar",
      "uri": "spotify:track:0UNrI5PaOYFdVSXR3R6BTe"
    },
    {
      "artist": "Blur",
      "album": "The Magic Whip",
      "track": "Ghost Ship",
      "uri": "spotify:track:61JDaStnXY3vbaEjliB5WA"
    },
    {
      "artist": "Daryl Hall & John Oates",
      "album": "H2O",
      "track": "Maneater",
      "uri": "spotify:track:4aKIs5t9TqP59btlCGPrgw"
    },
    {
      "artist": "Bill Evans Trio",
      "album": "Portrait In Jazz",
      "track": "Someday My Prince Will Come",
      "uri": "spotify:track:3SI75jZKe1w2g2ggxjPX6a"
    },
    {
      "artist": "Ben Matthews",
      "album": "This Is The Police",
      "track": "Back In Business",
      "uri": "spotify:track:0xXQUVPTzN3R6DSIa5dsGm"
    },
    {
      "artist": "Gustavo Cerati",
      "album": "Ahí Vamos",
      "track": "Dios Nos Libre",
      "uri": "spotify:track:2pJ0nDVgRckZOvkgFqFU6S"
    },
    {
      "artist": "Rihanna",
      "album": "FourFiveSeconds",
      "track": "FourFiveSeconds",
      "uri": "spotify:track:5XzmZjXhMjDHr7ZfJ6DELQ"
    },
    {
      "artist": "Cannonball Adderley",
      "album": "Things Are Getting Better [Original Jazz Classics Remasters]",
      "track": "Groovin' High",
      "uri": "spotify:track:6bOrETn31OViyurOF6B1VG"
    },
    {
      "artist": "Bill Evans Trio",
      "album": "Portrait In Jazz",
      "track": "Blue In Green - Album Version - (take 3)",
      "uri": "spotify:track:6eAlKiRSXda4XYMSJQIzLw"
    },
    {
      "artist": "The Cannonball Adderley Quintet",
      "album": "Country Preacher",
      "track": "Hummin' - Live",
      "uri": "spotify:track:05SNV4AS2CFV55nmiJPgqD"
    },
    {
      "artist": "The Endorphins",
      "album": "Ms. Right Now",
      "track": "Ms. Right Now",
      "uri": "spotify:track:4uuG4svhDuKtDOZ2BXeRA1"
    },
    {
      "artist": "Bill Evans Trio",
      "album": "Sunday At The Village Vanguard [Keepnews Collection]",
      "track": "All Of You - Take 2",
      "uri": "spotify:track:1o3YBkUvdTtNhtYyQvPtKQ"
    },
    {
      "artist": "Charly García",
      "album": "Piano Bar",
      "track": "Piano Bar",
      "uri": "spotify:track:6OP5y95aY0IChI3DdYCpoX"
    },
    {
      "artist": "Raúl Carnota",
      "album": "Solo los Martes",
      "track": "Coplas Sin Luna",
      "uri": "spotify:track:2KlrqmyphIbp9UeCGveC4o"
    },
    {
      "artist": "Gustavo Cerati",
      "album": "Ahí Vamos",
      "track": "Médium",
      "uri": "spotify:track:0AYvejqcmCiHEulkGE1trR"
    },
    {
      "artist": "Raúl Carnota",
      "album": "Solo los Martes",
      "track": "Santiago Manta",
      "uri": "spotify:track:1ryDh6gCEtQOMOKA7mnZfG"
    },
    {
      "artist": "El Kuelgue",
      "album": "Natación",
      "track": "Natación",
      "uri": "spotify:track:1EaPFhLP6YF3qzOmwpXhxa"
    },
    {
      "artist": "Pink Martini",
      "album": "Hang On Little Tomato",
      "track": "Hang On Little Tomato",
      "uri": "spotify:track:2Yp2mB1Glb26wCOoLkwQn6"
    },
    {
      "artist": "Bill Evans Trio",
      "album": "Portrait In Jazz",
      "track": "Blue In Green - Album Version - (take 2 bonus track)",
      "uri": "spotify:track:2hMehCxkk0pPYetRww3Rvn"
    },
    {
      "artist": "Foals",
      "album": "Solomun - Selected Remixes 2009 2015",
      "track": "Late Night - Solomun Remix",
      "uri": "spotify:track:0vfZwjKXAvVg6KPOtQTumk"
    },
    {
      "artist": "Bersuit Vergarabat",
      "album": "La Argentinidad Al Palo",
      "track": "Porno Star",
      "uri": "spotify:track:0WlgE3AncvTHGwygQNrMYP"
    },
    {
      "artist": "Dua Lipa",
      "album": "Spotify Session",
      "track": "I'm Not the Only One - Live from Spotify, London",
      "uri": "spotify:track:7wIYDzWW82O6Rc4vGuzjND"
    },
    {
      "artist": "Bersuit Vergarabat",
      "album": "Hijos Del Culo",
      "track": "El Gordo Motoneta",
      "uri": "spotify:track:2GV41iSPfqcI7QAYAVkerb"
    },
    {
      "artist": "Carlos Moscardini",
      "album": "Silencios del Suburbio",
      "track": "A la Niñez Nuestra",
      "uri": "spotify:track:4XIctQgxDuS0XrYYHUjmNb"
    },
    {
      "artist": "Bersuit Vergarabat",
      "album": "Hijos Del Culo",
      "track": "Veneno De Humanidad",
      "uri": "spotify:track:2oG79a2RtYlK3mMEqYxjxH"
    },
    {
      "artist": "Jim Hall",
      "album": "Jim Hall & Pat Metheny",
      "track": "Cold Spring - Live Recording",
      "uri": "spotify:track:5PvJ7BFsFaDv86SxFOL3pc"
    },
    {
      "artist": "Carlos Moscardini",
      "album": "El Recorrido Argentino de Mi Guitarra",
      "track": "Dona Carmen: Doña Carmen",
      "uri": "spotify:track:7wr00eiizwGYLuhjEYdcUV"
    },
    {
      "artist": "Tata Barahona",
      "album": "Imágenes",
      "track": "Adicciones y resentimientos",
      "uri": "spotify:track:6sPBQH2U6zYKWknPiZLQpo"
    },
    {
      "artist": "Alfredo Rodriguez",
      "album": "Tocororo",
      "track": "Jesu, Joy of Man's Desiring",
      "uri": "spotify:track:1Qo83GkBZZE5OSYL6ET5cW"
    },
    {
      "artist": "Bersuit Vergarabat",
      "album": "La Argentinidad Al Palo",
      "track": "La Oveja Negra",
      "uri": "spotify:track:4e3b1az7EJYQ4n5Nj9cgTI"
    },
    {
      "artist": "Jungle",
      "album": "Jungle",
      "track": "Platoon",
      "uri": "spotify:track:6Pu1G8OV5m38PkLQHyZfPp"
    },
    {
      "artist": "Bill Evans",
      "album": "We Will Meet Again",
      "track": "Bill's Hit Tune",
      "uri": "spotify:track:051oFymtPP1we6rJKidz3V"
    },
    {
      "artist": "Gustavo Cerati",
      "album": "Ahí Vamos",
      "track": "Al Fin Sucede",
      "uri": "spotify:track:6dAMDg2oYWDC1FdnFFoxOU"
    },
    {
      "artist": "Carlos Moscardini",
      "album": "Silencios del Suburbio",
      "track": "Zapateando en el Galpón",
      "uri": "spotify:track:2qTscZnHvIFiD3cucgiUIK"
    },
    {
      "artist": "Carla Bruni",
      "album": "Noël ! Noël !! Noël !!!",
      "track": "Jolis sapins",
      "uri": "spotify:track:6dlYcY8eVZpZnT1s9syEjr"
    },
    {
      "artist": "Baden Powell",
      "album": "Tristeza / Poema / Canto / Images On Guitar",
      "track": "'Round Midnight",
      "uri": "spotify:track:4MTYGUpVUMQhzS9i9Bte1s"
    },
    {
      "artist": "Justin Kauflin",
      "album": "Dedication",
      "track": "For Clark",
      "uri": "spotify:track:50xQMJ4fkIZLISIGH6OCz9"
    },
    {
      "artist": "Jim Hall",
      "album": "Jim Hall & Pat Metheny",
      "track": "The Birds and the Bees - Live Recording",
      "uri": "spotify:track:2rvSk5CPxSbAEAnyIZmh6M"
    },
    {
      "artist": "The Vamps",
      "album": "All Night",
      "track": "All Night",
      "uri": "spotify:track:31t0ATifZW5CW3XP2QUsUW"
    },
    {
      "artist": "Sonny Rollins",
      "album": "The Essential Sonny Rollins: The RCA Years",
      "track": "The Night Has a Thousand Eyes",
      "uri": "spotify:track:22DUYHHTOtAwYFnkX7i0Kn"
    },
    {
      "artist": "Pedro Aznar",
      "album": "Puentes Amarillos (Aznar Celebra La Musica De Spinetta)",
      "track": "Cementerio Club",
      "uri": "spotify:track:5xNTNmtlDoJ7PqePF64KBC"
    },
    {
      "artist": "Jim Hall",
      "album": "Jim Hall & Pat Metheny",
      "track": "Waiting to Dance",
      "uri": "spotify:track:1TM4QOcWBKVIttYFZ4ntJy"
    },
    {
      "artist": "Jacques Loussier",
      "album": "Beyond Bach, Other Composers I Adore",
      "track": "Nocturne No. 20 in C-sharp minor, Op. posthume (Arr. for Jazz Solo)",
      "uri": "spotify:track:641dlUcV9G6s5I9BtfKAsE"
    },
    {
      "artist": "Roy Hargrove",
      "album": "Habana",
      "track": "Mambo For Roy",
      "uri": "spotify:track:65L8LNRQtXzJC8qz8kan95"
    },
    {
      "artist": "Silvina Moreno",
      "album": "Sofá",
      "track": "Cuídame",
      "uri": "spotify:track:3gW6YHqQjiSHCncALFvFPE"
    },
    {
      "artist": "Bersuit Vergarabat",
      "album": "Hijos Del Culo",
      "track": "Negra Murguera",
      "uri": "spotify:track:0fyedWA3JPR5rlLzvrzK5Z"
    },
    {
      "artist": "Astor Piazzolla",
      "album": "Live at the Montreal Jazz Festival",
      "track": "Resurreccion del Angel",
      "uri": "spotify:track:060QbvO6Ek1PLFnsBEnlyZ"
    },
    {
      "artist": "Tom Misch",
      "album": "South of the River",
      "track": "South of the River",
      "uri": "spotify:track:64s75Jxg5DILfpihY7q56H"
    },
    {
      "artist": "Bill Evans Trio",
      "album": "Sunday At The Village Vanguard [Keepnews Collection]",
      "track": "Alice In Wonderland [take 1]",
      "uri": "spotify:track:2RJdGliUVhvqigUfFciSwW"
    },
    {
      "artist": "Phoenix",
      "album": "Ti Amo",
      "track": "J-Boy",
      "uri": "spotify:track:2eoZr92GWsqCaYkkCGWuxl"
    },
    {
      "artist": "Pedro Aznar",
      "album": "Puentes Amarillos (Aznar Celebra La Musica De Spinetta)",
      "track": "Umbral",
      "uri": "spotify:track:3oxKGVWt8BGKV4e44ufTjF"
    },
    {
      "artist": "Pedro Aznar",
      "album": "Quebrado Vivo",
      "track": "Zamba del Carnaval",
      "uri": "spotify:track:5ayII8443l38cShvRjzRFQ"
    },
    {
      "artist": "Gary Willis",
      "album": "Bent",
      "track": "Armageddon Blues",
      "uri": "spotify:track:55y7Cb9dPLPWBLonVy3iCB"
    },
    {
      "artist": "Pedro Aznar",
      "album": "Puentes Amarillos (Aznar Celebra La Musica De Spinetta)",
      "track": "Ella También",
      "uri": "spotify:track:2Y0RnZRkotGgY6wgX28lYs"
    },
    {
      "artist": "Gustavo Cerati",
      "album": "Ahí Vamos",
      "track": "Jugo De Luna",
      "uri": "spotify:track:1rnWurjiIZqwJ7C9bmtf3c"
    },
    {
      "artist": "Hollow Coves",
      "album": "Coastline",
      "track": "Coastline",
      "uri": "spotify:track:2R9nJvZx7oL9eLDXjvRece"
    },
    {
      "artist": "Pedro Aznar",
      "album": "Puentes Amarillos (Aznar Celebra La Musica De Spinetta)",
      "track": "Resumen Porteño",
      "uri": "spotify:track:6F3sJrqSR85Re0mKAO7ERS"
    },
    {
      "artist": "Raúl Carnota",
      "album": "Solo los Martes",
      "track": "Debajo de la Morera",
      "uri": "spotify:track:3l2Aj3SMRMgwfEfSNDsMLc"
    },
    {
      "artist": "Cuong Vu",
      "album": "Cuong Vu Trio Meets Pat Metheny",
      "track": "Let's Get Back",
      "uri": "spotify:track:33QKz9v9WK3etIcToD88vz"
    },
    {
      "artist": "Justin Bieber",
      "album": "Purpose",
      "track": "Love Yourself",
      "uri": "spotify:track:3hB5DgAiMAQ4DzYbsMq1IT"
    },
    {
      "artist": "Tracy Chapman",
      "album": "Tracy Chapman",
      "track": "Fast Car",
      "uri": "spotify:track:2M9ro2krNb7nr7HSprkEgo"
    },
    {
      "artist": "Pedro Aznar",
      "album": "Puentes Amarillos (Aznar Celebra La Musica De Spinetta)",
      "track": "Quedandote O Yendote",
      "uri": "spotify:track:6AZ4LsBsz1c0JDCaEhjy7A"
    },
    {
      "artist": "El Simbolo",
      "album": "Mundo Pop",
      "track": "La Isla del Sol",
      "uri": "spotify:track:1sZFIMGmKUYycerZSZb99O"
    },
    {
      "artist": "Tez Cadey",
      "album": "Walls - EP",
      "track": "Oregon",
      "uri": "spotify:track:1A4SdEelyupMxP8YoYYYJO"
    },
    {
      "artist": "Pedro Aznar",
      "album": "Puentes Amarillos (Aznar Celebra La Musica De Spinetta)",
      "track": "Sexo",
      "uri": "spotify:track:2TQTX8wXqTZjV2QaEfOx3j"
    },
    {
      "artist": "Pedro Aznar",
      "album": "Quebrado Vivo",
      "track": "Deja la Vida Volar",
      "uri": "spotify:track:6DPJOkWCdll5ES8S8vAhqd"
    },
    {
      "artist": "Astor Piazzolla",
      "album": "Live at the Montreal Jazz Festival",
      "track": "Lunfardo",
      "uri": "spotify:track:2rEBU6iNfqOQaJYM6LqeOn"
    },
    {
      "artist": "Ed Sheeran",
      "album": "x",
      "track": "Don't",
      "uri": "spotify:track:1huvTbEYtgltjQRXzrNKGi"
    },
    {
      "artist": "Lianne La Havas",
      "album": "Say a Little Prayer",
      "track": "Say a Little Prayer - Live",
      "uri": "spotify:track:1ZczOoLuCyDO5dKUPndxf5"
    },
    {
      "artist": "Béla Fleck and the Flecktones",
      "album": "Live at the Quick",
      "track": "Improv/Prelude from Bach violin partita #3 - Live at the Quick",
      "uri": "spotify:track:0iPEajhRJb41aaGWuUWCfV"
    },
    {
      "artist": "Hot Chip",
      "album": "A Bath Full of Ecstasy",
      "track": "Hungry Child",
      "uri": "spotify:track:4oUpMbVekidEUpVWOqWgr7"
    },
    {
      "artist": "Justin Hurwitz",
      "album": "Whiplash",
      "track": "Drum & Drone",
      "uri": "spotify:track:28WPu7YAwcBDp6EX5Wskcr"
    },
    {
      "artist": "Stay Human",
      "album": "The Late Show - EP",
      "track": "Back After the Break (Live)",
      "uri": "spotify:track:0ztuT1Kthv0jkFMoqWGeyx"
    },
    {
      "artist": "Tuck & Patti",
      "album": "Pure Tuck & Patti",
      "track": "Learning How To Fly",
      "uri": "spotify:track:5XUAqMZMhuBdHXa2zRxobx"
    },
    {
      "artist": "Pedro Aznar",
      "album": "Puentes Amarillos (Aznar Celebra La Musica De Spinetta)",
      "track": "Seguir Viviendo Sin Tu Amor",
      "uri": "spotify:track:1zxbUVxJMAvA9fuiOsa0jx"
    },
    {
      "artist": "Toninho Horta",
      "album": "Terra dos Pássaros",
      "track": "Aquelas Coisas Todas",
      "uri": "spotify:track:0TLxVVaxJWEVYHQhuHiwmL"
    },
    {
      "artist": "Bill Evans",
      "album": "We Will Meet Again",
      "track": "We Will Meet Again",
      "uri": "spotify:track:5Q1wYr1HWyO6LdRWzzArPE"
    },
    {
      "artist": "Ricky Martin",
      "album": "A Medio Vivir",
      "track": "A Medio Vivir",
      "uri": "spotify:track:4h9WxkuyzScrrPiK9nYtah"
    },
    {
      "artist": "Sly & The Family Stone",
      "album": "Fresh",
      "track": "Thankful n' Thoughtful",
      "uri": "spotify:track:2r0qJtOqcEep29uYsDLlEb"
    },
    {
      "artist": "Duñe",
      "album": "Smile Together",
      "track": "Smile Together",
      "uri": "spotify:track:43HggSmKEUHDXbaVWp55wH"
    },
    {
      "artist": "Bill Evans Trio",
      "album": "Portrait In Jazz",
      "track": "Autumn Leaves - Album Version - (Take 1)",
      "uri": "spotify:track:6Mh2Ieqmav2dtir0O8MB9L"
    },
    {
      "artist": "XYSM",
      "album": "Wait on Me",
      "track": "Wait on Me",
      "uri": "spotify:track:7ISMhY7yMTn9MMu92Df9vg"
    },
    {
      "artist": "Total Giovanni",
      "album": "When We Break",
      "track": "When We Break",
      "uri": "spotify:track:3T6zu9vlpyVh8j6VMcuExZ"
    },
    {
      "artist": "Droid Bishop",
      "album": "Automation",
      "track": "Automation",
      "uri": "spotify:track:4qmKpj7lOtA5N4CECTKdRs"
    },
    {
      "artist": "Jungle",
      "album": "For Ever",
      "track": "Cherry",
      "uri": "spotify:track:5k44yc5bXO1XRedzjaugdQ"
    },
    {
      "artist": "Soda Stereo",
      "album": "Comfort Y Musica Para Volar",
      "track": "Te Para 3 - MTV Unplugged",
      "uri": "spotify:track:2kMVxFh1y5gow2hBtqGO4m"
    },
    {
      "artist": "Pedro Aznar",
      "album": "Puentes Amarillos (Aznar Celebra La Musica De Spinetta)",
      "track": "Serpiente, Viaja Por La Sal",
      "uri": "spotify:track:3VbFvUKlUt1oTbppkPBr58"
    },
    {
      "artist": "Queen",
      "album": "Jazz",
      "track": "Don't Stop Me Now - Remastered 2011",
      "uri": "spotify:track:5T8EDUDqKcs6OSOwEsfqG7"
    },
    {
      "artist": "Weather Report",
      "album": "The Legendary Live Tapes 1978-1981",
      "track": "Birdland - Live",
      "uri": "spotify:track:7E5djc9T0QsGLkt6aQDb3y"
    },
    {
      "artist": "Militantes del Climax",
      "album": "Climax",
      "track": "Mercado de Pases",
      "uri": "spotify:track:6bIObrwfaB7lBhDjYREWCI"
    },
    {
      "artist": "Queen",
      "album": "The Game",
      "track": "Another One Bites The Dust - Remastered 2011",
      "uri": "spotify:track:5vdp5UmvTsnMEMESIF2Ym7"
    },
    {
      "artist": "Bersuit Vergarabat",
      "album": "Hijos Del Culo",
      "track": "La Del Toro",
      "uri": "spotify:track:5qNRipxXG0DMFXdTytqMIy"
    },
    {
      "artist": "Raúl Carnota",
      "album": "Solo los Martes",
      "track": "Como Flor de Campo",
      "uri": "spotify:track:2sF8syE08bRByw7wSEGdOd"
    },
    {
      "artist": "Tchami",
      "album": "Revelations EP",
      "track": "Adieu, Pt. II",
      "uri": "spotify:track:0Brf1s65f8eekORKK9gpe4"
    },
    {
      "artist": "Raúl Carnota",
      "album": "Solo los Martes",
      "track": "La Casi Trunca",
      "uri": "spotify:track:5JavjpioaqknKrqx1A2e1d"
    },
    {
      "artist": "Snarky Puppy",
      "album": "Culcha Vulcha",
      "track": "Jefe - Bonus Track",
      "uri": "spotify:track:77ItjF9WiyZvkOsSfFBoxp"
    },
    {
      "artist": "Pedro Aznar",
      "album": "Puentes Amarillos (Aznar Celebra La Musica De Spinetta)",
      "track": "Lenny De Blues",
      "uri": "spotify:track:1tNVCq5NjFScv4p3Tj8rGx"
    },
    {
      "artist": "Buddy Rich",
      "album": "The Best Of Buddy Rich / The Pacific Jazz Years",
      "track": "Diabolus",
      "uri": "spotify:track:1Qwx1pW4BEUymRpOyitnIq"
    },
    {
      "artist": "Pedro Aznar",
      "album": "Puentes Amarillos (Aznar Celebra La Musica De Spinetta)",
      "track": "Los Libros De La Buena Memoria",
      "uri": "spotify:track:7vvvm7Dcx6LgcU7AI7QjUk"
    },
    {
      "artist": "Bill Evans Trio",
      "album": "Sunday At The Village Vanguard [Keepnews Collection]",
      "track": "Jade Visions [take 1]",
      "uri": "spotify:track:11Uy4RNCJiSql7xaYePjlh"
    },
    {
      "artist": "Diamante Eléctrico",
      "album": "Buitres",
      "track": "Rotos",
      "uri": "spotify:track:5IrY7hsberqOJ1k71wxfy4"
    },
    {
      "artist": "Phil Collins",
      "album": "Face Value (Deluxe Editon)",
      "track": "In The Air Tonight - 2015 Remastered",
      "uri": "spotify:track:18AXbzPzBS8Y3AkgSxzJPb"
    },
    {
      "artist": "David Guetta",
      "album": "Lovers on the Sun EP",
      "track": "Lovers on the Sun (feat. Sam Martin)",
      "uri": "spotify:track:5wQeCrJTJxGZnILnyCBHjI"
    },
    {
      "artist": "Vulfpeck",
      "album": "Thrill of the Arts",
      "track": "Smile Meditation",
      "uri": "spotify:track:7a00cQDulg05uPkHuFoQiS"
    },
    {
      "artist": "Carla Bruni",
      "album": "Quelqu'un M'a Dit",
      "track": "Raphael",
      "uri": "spotify:track:5mvwgHTivZ9BOzCknHmjQq"
    },
    {
      "artist": "James Bay",
      "album": "Chaos And The Calm",
      "track": "Hold Back The River",
      "uri": "spotify:track:1KZyVnyptQcPzkx7ELCnZC"
    },
    {
      "artist": "Larry Carlton",
      "album": "@ Billboard Live Tokyo",
      "track": "Burnable - Live",
      "uri": "spotify:track:4pd0BWvsZQWAsRRrRgHkMk"
    },
    {
      "artist": "Poolside",
      "album": "Can't Stop Your Lovin'",
      "track": "Can't Stop Your Lovin'",
      "uri": "spotify:track:5P1eorfAD2voGnX7ZbuvFz"
    },
    {
      "artist": "Bill Evans",
      "album": "We Will Meet Again",
      "track": "For All We Know (We May Meet Again)",
      "uri": "spotify:track:6feM6cMVemrQtzeevLowYi"
    },
    {
      "artist": "Jay Israelson",
      "album": "The Longest Week (Original Music from the Motion Picture)",
      "track": "The Longest Week (Django)",
      "uri": "spotify:track:4SFsYhqlu3buoUGP9fkcUs"
    },
    {
      "artist": "Tim Simonec",
      "album": "Whiplash",
      "track": "First Nassau Band Rehearsal / Second Nassau Band Rehearsal / Studio Band Eavesdrop / Studio Band Rehearsal After Breakup",
      "uri": "spotify:track:6uD2v97oBK7VMimL6jSf5I"
    },
    {
      "artist": "Bill Evans Trio",
      "album": "Sunday At The Village Vanguard",
      "track": "My Man's Gone Now - Live At The Village Vanguard, 1961",
      "uri": "spotify:track:5K80zIui21LKKDxQJLKPhd"
    },
    {
      "artist": "Pedro Aznar",
      "album": "Puentes Amarillos (Aznar Celebra La Musica De Spinetta)",
      "track": "Alas De La Mañana",
      "uri": "spotify:track:2RhnOT8sL8qpSyXXmv6A26"
    },
    {
      "artist": "Raúl Carnota",
      "album": "Solo los Martes",
      "track": "Creciente de Nueva Lunas",
      "uri": "spotify:track:58UhIXauK6nbtqRyx5BZB1"
    },
    {
      "artist": "Bersuit Vergarabat",
      "album": "La Argentinidad Al Palo",
      "track": "La Argentinidad Al Palo",
      "uri": "spotify:track:3oWXR8aaiWvxK8XfQY1IFy"
    },
    {
      "artist": "Cannonball Adderley",
      "album": "Somethin' Else",
      "track": "One For Daddy-O - Remastered",
      "uri": "spotify:track:4f0D7T8yswXUJ62AKLoMtS"
    },
    {
      "artist": "Bersuit Vergarabat",
      "album": "La Argentinidad Al Palo",
      "track": "La Soledad",
      "uri": "spotify:track:6JoVT97G1ZLpy6KHxZpGdp"
    },
    {
      "artist": "Queen",
      "album": "News Of The World",
      "track": "We Will Rock You - Remastered 2011",
      "uri": "spotify:track:4pbJqGIASGPr0ZpGpnWkDn"
    },
    {
      "artist": "Gustavo Cerati",
      "album": "Ahí Vamos",
      "track": "Caravana",
      "uri": "spotify:track:0hk7rbNAi1Vha4W5yLOosK"
    },
    {
      "artist": "Bersuit Vergarabat",
      "album": "Hijos Del Culo",
      "track": "Desconexión Sideral",
      "uri": "spotify:track:4yjfdF3tnTkZGs5rH1zlh2"
    },
    {
      "artist": "Jim Hall",
      "album": "Jim Hall & Pat Metheny",
      "track": "Lookin' Up",
      "uri": "spotify:track:5KnbVhc1dt4ruQ8qrP4xtc"
    },
    {
      "artist": "Kevin Eubanks",
      "album": "Duets",
      "track": "Summertime",
      "uri": "spotify:track:5mrbzY0ZnT4asMKDxOkVIx"
    },
    {
      "artist": "Frank Zappa",
      "album": "The Grand Wazoo",
      "track": "The Grand Wazoo",
      "uri": "spotify:track:3fVZg6s6s58uak9snpwKqy"
    },
    {
      "artist": "Justin Hurwitz",
      "album": "Whiplash",
      "track": "Carnegie",
      "uri": "spotify:track:03nKuAPCukW8x3OXDm3qlL"
    },
    {
      "artist": "John Scofield",
      "album": "Past Present",
      "track": "Slinky",
      "uri": "spotify:track:4yV3wlns1b7tqiaN3UiiNt"
    },
    {
      "artist": "Charles Mingus",
      "album": "Ah Um",
      "track": "Fables of Faubus",
      "uri": "spotify:track:5RWzKLxXVzkJQ702yWfp1w"
    },
    {
      "artist": "Justin Hurwitz",
      "album": "Whiplash",
      "track": "Casey's Song",
      "uri": "spotify:track:6LLIJ84jzZjwOkfVrLPMLE"
    },
    {
      "artist": "Dave Weckl",
      "album": "Master Plan",
      "track": "Softly, As In A Morning Sunrise",
      "uri": "spotify:track:5wU8LLi7vi1Q26bIpvhE1T"
    },
    {
      "artist": "Nels Cline",
      "album": "Lovers",
      "track": "Beautiful Love",
      "uri": "spotify:track:15Ag7ny7kypqVlJFlE6LCy"
    },
    {
      "artist": "Bill Evans",
      "album": "Undercurrent",
      "track": "My Funny Valentine - Alt. Take",
      "uri": "spotify:track:2oCJgHbwGnYAKXenorXMpW"
    },
    {
      "artist": "KALEO",
      "album": "Way down We Go",
      "track": "Way down We Go",
      "uri": "spotify:track:7aUuoq4oMfLxaLa5GVUDHi"
    },
    {
      "artist": "The War On Drugs",
      "album": "Thinking Of A Place",
      "track": "Thinking Of A Place",
      "uri": "spotify:track:6T31DOFxLA77NBXEmdwbcC"
    },
    {
      "artist": "Carlos Pizarro Cuarteto",
      "album": "La Voz del arbol",
      "track": "Nana pa Mama",
      "uri": "spotify:track:5znOxTgzRsFPc9LnSSo4k5"
    },
    {
      "artist": "Stan Getz",
      "album": "Whiplash",
      "track": "Intoit",
      "uri": "spotify:track:2lYF3TeFTDKsTpMlWrcXVB"
    },
    {
      "artist": "Morro",
      "album": "For You",
      "track": "For You",
      "uri": "spotify:track:7sEZdh8W3r7ttNivxifenR"
    },
    {
      "artist": "Dua Lipa",
      "album": "Future Nostalgia",
      "track": "Boys Will Be Boys",
      "uri": "spotify:track:0vQcyuMEfRBd21ojZ62N2L"
    },
    {
      "artist": "Bersuit Vergarabat",
      "album": "La Argentinidad Al Palo",
      "track": "No Seas Parca",
      "uri": "spotify:track:5h4kZy7V9zvF2TLFYOIkt9"
    },
    {
      "artist": "Jim Hall",
      "album": "Jim Hall & Pat Metheny",
      "track": "All the Things You Are - Live Recording",
      "uri": "spotify:track:7zRVe8PlJS1U6ExzH8aZN4"
    },
    {
      "artist": "Intoxicados",
      "album": "No Es Solo Rock And Roll",
      "track": "No Tengo Ganas",
      "uri": "spotify:track:5LIHbW6EG9IRlIaXfcuFnH"
    },
    {
      "artist": "Justin Hurwitz",
      "album": "Whiplash",
      "track": "Overture",
      "uri": "spotify:track:2LXfRfcbrakbmEUocY9KPc"
    },
    {
      "artist": "Kygo",
      "album": "Cloud Nine",
      "track": "Stole the Show",
      "uri": "spotify:track:5masKPHeAOVNgxdLebIcK7"
    },
    {
      "artist": "Kevin de Vries",
      "album": "Aratak EP",
      "track": "Aratak",
      "uri": "spotify:track:4VBdMWl1vxeMX4wwkVPdGM"
    },
    {
      "artist": "Leonard Cohen",
      "album": "Ten New Songs",
      "track": "In My Secret Life",
      "uri": "spotify:track:31TADh49q4s4jm6lGDeIrd"
    },
    {
      "artist": "Bill Evans",
      "album": "We Will Meet Again",
      "track": "Laurie",
      "uri": "spotify:track:2mDt4Gd62fILb5lixTAY2Y"
    },
    {
      "artist": "Bersuit Vergarabat",
      "album": "Hijos Del Culo",
      "track": "El Viejo De Arriba",
      "uri": "spotify:track:10qD1t4mdElIn42tDS5vw8"
    },
    {
      "artist": "Toonorth",
      "album": "Rare Views",
      "track": "Spacin'",
      "uri": "spotify:track:6cqLwJqgjrwmgcN5vq4dld"
    },
    {
      "artist": "Raúl Carnota",
      "album": "Solo los Martes",
      "track": "Cuando Muere el Angelito",
      "uri": "spotify:track:12c11M71umqz9OsamiyI6I"
    },
    {
      "artist": "Stacey Kent",
      "album": "Tenderly",
      "track": "Tangerine",
      "uri": "spotify:track:3dUIMzzkwImJBXvh1ktdlx"
    },
    {
      "artist": "Milt Jackson",
      "album": "Explosive",
      "track": "The Nearness of You",
      "uri": "spotify:track:128kSBaQwha6oCSag8hqFf"
    },
    {
      "artist": "Gustavo Cerati",
      "album": "Ahí Vamos",
      "track": "Bomba de Tiempo",
      "uri": "spotify:track:3u1qKgpcoVgrukwDrE5uJo"
    },
    {
      "artist": "Jason Rebello",
      "album": "Held",
      "track": "Pearl",
      "uri": "spotify:track:1b6WfrgeaeIqfgQVUmqNkJ"
    },
    {
      "artist": "Pedro Aznar",
      "album": "Puentes Amarillos (Aznar Celebra La Musica De Spinetta)",
      "track": "Tema De Pototo",
      "uri": "spotify:track:1GGkNF0TNqWU6qcSjAVdXU"
    },
    {
      "artist": "Bill Evans",
      "album": "Undercurrent",
      "track": "I'm Gettin' Sentimental Over You",
      "uri": "spotify:track:31GLMZhcOpPTLl4wPXpm1h"
    },
    {
      "artist": "Bersuit Vergarabat",
      "album": "La Argentinidad Al Palo",
      "track": "Otra Sudestada",
      "uri": "spotify:track:3ZUCxO8MBcH4ZF42A0SPKW"
    },
    {
      "artist": "Bill Evans",
      "album": "Undercurrent",
      "track": "Darn That Dream",
      "uri": "spotify:track:1qTNMWo0Al8AfAX6aPGo6k"
    },
    {
      "artist": "Charly García",
      "album": "Piano Bar",
      "track": "Raros Peinados Nuevos",
      "uri": "spotify:track:7mnf5omGMUwSfpwZrt5AZ0"
    },
    {
      "artist": "Marc Ribot",
      "album": "Y Los Cubanos Postizos",
      "track": "Postizo",
      "uri": "spotify:track:3gBKwZolWAorLCzSaH2Bjw"
    },
    {
      "artist": "Kamasi Washington",
      "album": "The Epic",
      "track": "The Next Step",
      "uri": "spotify:track:6XQ5aL7MBe19t9cvFMKiEo"
    },
    {
      "artist": "Gustavo Cerati",
      "album": "Ahí Vamos",
      "track": "Tu Locura",
      "uri": "spotify:track:7KG3tS7Qgy5mwbBWEmpOhD"
    },
    {
      "artist": "Gustavo Cerati",
      "album": "Ahí Vamos",
      "track": "Otra Piel",
      "uri": "spotify:track:3ZvJCbfyJS8uG53qu42jhk"
    },
    {
      "artist": "Art Pepper",
      "album": "Art Pepper Presents \"West Coast Sessions!\" Volume 4: Bill Watrous",
      "track": "Just Friends",
      "uri": "spotify:track:6GCKvVn2GIZ3U67f6DKFFc"
    },
    {
      "artist": "Bersuit Vergarabat",
      "album": "La Argentinidad Al Palo",
      "track": "Pajaro Negro",
      "uri": "spotify:track:6Bif4UVkGaD4TmU3pB6nkx"
    },
    {
      "artist": "Karen Souza",
      "album": "Vintage Café - Lounge & Jazz Blends",
      "track": "Creep",
      "uri": "spotify:track:26qhmNexrOJWTrakmx8ohR"
    },
    {
      "artist": "La Jury",
      "album": "Maldita Huella",
      "track": "Huella Perdida",
      "uri": "spotify:track:54xyugeRd5qmNLmEqjQTo3"
    },
    {
      "artist": "AmPm",
      "album": "I don't wanna talk",
      "track": "I don't wanna talk",
      "uri": "spotify:track:3lwJRuROeMB9L6S8KBlbEM"
    },
    {
      "artist": "Jimmy Rosenberg",
      "album": "Trio",
      "track": "Blue Bossa",
      "uri": "spotify:track:2hwBPd5VUUjUGc82z5LWyI"
    },
    {
      "artist": "Chantae Cann",
      "album": "Journey To Golden",
      "track": "Da Da’n Da",
      "uri": "spotify:track:0CfznBaah7M9L8aukGnejh"
    },
    {
      "artist": "Dua Lipa",
      "album": "Dua Lipa",
      "track": "IDGAF",
      "uri": "spotify:track:76cy1WJvNGJTj78UqeA5zr"
    },
    {
      "artist": "Sufjan Stevens",
      "album": "Carrie & Lowell",
      "track": "Should Have Known Better",
      "uri": "spotify:track:5I6y1KWmUoV5YCaIEcs1qs"
    },
    {
      "artist": "Raúl Carnota",
      "album": "Solo los Martes",
      "track": "Chacarera de un Triste",
      "uri": "spotify:track:1vwLjHpupAaWCgDyBftte4"
    },
    {
      "artist": "Freedom Fry",
      "album": "Awake",
      "track": "Awake",
      "uri": "spotify:track:0pXkRtFSYDSln6ITAPLPeP"
    },
    {
      "artist": "Red Hot Chili Peppers",
      "album": "Stadium Arcadium",
      "track": "Wet Sand",
      "uri": "spotify:track:3L2Nyi3T7XabH8EEZFLDdX"
    },
    {
      "artist": "Justin Timberlake",
      "album": "CAN'T STOP THE FEELING! (from DreamWorks Animation's \"TROLLS\")",
      "track": "CAN'T STOP THE FEELING! (from DreamWorks Animation's \"TROLLS\")",
      "uri": "spotify:track:6JV2JOEocMgcZxYSZelKcc"
    },
    {
      "artist": "Tchavolo Schmitt",
      "album": "Alors ? … voilà !",
      "track": "Alors ? voilà !",
      "uri": "spotify:track:4TtoddFXgAaFc8iVOzL0DH"
    },
    {
      "artist": "Keith Jarrett",
      "album": "Foundations: The Keith Jarrett Anthology",
      "track": "Birth",
      "uri": "spotify:track:1N8kgdsicbNkQE0QettJvg"
    },
    {
      "artist": "Kurt Elling",
      "album": "Flirting With Twilight",
      "track": "Moonlight Serenade",
      "uri": "spotify:track:3xXrF1nomzDLLMngfZNmKw"
    },
    {
      "artist": "Buddy Rich",
      "album": "The Best Of Buddy Rich / The Pacific Jazz Years",
      "track": "Greensleeves - Live At Western Recorders, Hollywood, CA/1969",
      "uri": "spotify:track:1cCEdZ93mXo4hQeCEKXe7Q"
    },
    {
      "artist": "Buddy Rich Big Band",
      "album": "The Best Of Buddy Rich / The Pacific Jazz Years",
      "track": "Channel 1 Suite - Live",
      "uri": "spotify:track:6EIwrGruhGZxhLsFZWS65i"
    },
    {
      "artist": "Pedro Aznar",
      "album": "Quebrado Vivo",
      "track": "El Rey Lloró",
      "uri": "spotify:track:5gYrqZb4yRYBYZWZm9lcqQ"
    },
    {
      "artist": "Pedro Aznar",
      "album": "Puentes Amarillos (Aznar Celebra La Musica De Spinetta)",
      "track": "Muchacha, Ojos De Papel",
      "uri": "spotify:track:30aukvWVi6ewNDY2kZeuHt"
    },
    {
      "artist": "BADBADNOTGOOD",
      "album": "Spotify Live",
      "track": "Confessions",
      "uri": "spotify:track:1w9zAeIxVakJhoNjzoBSzZ"
    },
    {
      "artist": "Bill Evans Trio",
      "album": "Portrait In Jazz",
      "track": "Witchcraft",
      "uri": "spotify:track:0jX329Z0DPkNn0PeTBi9Do"
    },
    {
      "artist": "Palta & the mood",
      "album": "Guacamole",
      "track": "Hurricane Ballad",
      "uri": "spotify:track:3EmvADLPBcI19MKLwG99og"
    },
    {
      "artist": "Energy 52",
      "album": "Cafe Del Mar (Tale Of Us Renaissance Remix)",
      "track": "Cafe Del Mar (Tale Of Us Renaissance Remix)",
      "uri": "spotify:track:0FO09rQ0ACkUlLRT7jWFQF"
    },
    {
      "artist": "Buddy Rich Big Band",
      "album": "The Best Of Buddy Rich / The Pacific Jazz Years",
      "track": "Mercy, Mercy, Mercy - Live At Caesars Palace, Las Vegas, Nevada/1968",
      "uri": "spotify:track:2bERqUZvSoexTZFwGkIDcL"
    },
    {
      "artist": "Omer Avital",
      "album": "Abutbul Music",
      "track": "Bed-Stuy",
      "uri": "spotify:track:2bkFCBi7haZ2CrwSLm8zK2"
    },
    {
      "artist": "Astor Piazzolla",
      "album": "Live at the Montreal Jazz Festival",
      "track": "Tristeza de un Doble A",
      "uri": "spotify:track:3DjYwhVDkUvkVZGlNnRf86"
    },
    {
      "artist": "Bill Evans",
      "album": "We Will Meet Again",
      "track": "Five",
      "uri": "spotify:track:1eNjMRdKvendAMSV4oWOtU"
    },
    {
      "artist": "Rita Ora",
      "album": "Anywhere",
      "track": "Anywhere",
      "uri": "spotify:track:7EI6Iki24tBHAMxtb4xQN2"
    },
    {
      "artist": "&ME",
      "album": "Trilogy",
      "track": "Woods",
      "uri": "spotify:track:2MDEXLuGUrUU8zPKOCrzmy"
    },
    {
      "artist": "Armin van Buuren",
      "album": "Sex, Love & Water",
      "track": "Sex, Love & Water",
      "uri": "spotify:track:6eRd45fvX9mQG6AyHQGCKG"
    },
    {
      "artist": "Justin Hurwitz",
      "album": "Whiplash",
      "track": "Fletcher's Song In Club",
      "uri": "spotify:track:4qVmaSEOEYAf3X2tnyloDb"
    },
    {
      "artist": "J Balvin",
      "album": "OASIS",
      "track": "LA CANCIÓN",
      "uri": "spotify:track:0fea68AdmYNygeTGI4RC18"
    },
    {
      "artist": "Pedro Aznar",
      "album": "Quebrado Vivo",
      "track": "A Primera Vista",
      "uri": "spotify:track:49jX1tKiPV7cAVhClg1cvc"
    },
    {
      "artist": "Bill Evans",
      "album": "Undercurrent",
      "track": "Dream Gypsy",
      "uri": "spotify:track:1mee9jicUVtzLghXPgvhrX"
    },
    {
      "artist": "Camilo",
      "album": "La Difícil",
      "track": "La Difícil",
      "uri": "spotify:track:0PaNKfwdqHjmW7hVEQ0lbu"
    },
    {
      "artist": "Jim Hall",
      "album": "Jim Hall & Pat Metheny",
      "track": "Improvisation No. 2",
      "uri": "spotify:track:5D272rHRe1gJri9kzee0wO"
    },
    {
      "artist": "Cannonball Adderley",
      "album": "Somethin' Else",
      "track": "Autumn Leaves",
      "uri": "spotify:track:0X5DcGkbxCXSadgj01ZXd7"
    },
    {
      "artist": "Bill Evans Trio",
      "album": "Portrait In Jazz",
      "track": "What Is This Thing Called Love?",
      "uri": "spotify:track:6MNyy6wnDqT9BZs0P00m8N"
    },
    {
      "artist": "Buddy Rich",
      "album": "The Best Of Buddy Rich / The Pacific Jazz Years",
      "track": "Apples - Live At Chez Club, Hollywood, CA/1967",
      "uri": "spotify:track:2TUrwZMowlWo7RWP9Iiaia"
    },
    {
      "artist": "Pedro Aznar",
      "album": "Puentes Amarillos (Aznar Celebra La Musica De Spinetta)",
      "track": "Blues De Cris",
      "uri": "spotify:track:2okD1S9T8oR7iqPK53OkgU"
    },
    {
      "artist": "Bersuit Vergarabat",
      "album": "La Argentinidad Al Palo",
      "track": "Hecho En Buenos Aires",
      "uri": "spotify:track:1B5L6xy01CMdeFo2dnisPn"
    },
    {
      "artist": "Bersuit Vergarabat",
      "album": "Hijos Del Culo",
      "track": "Grasún",
      "uri": "spotify:track:3FC21sdw5j37GFt32W8zmk"
    },
    {
      "artist": "Bill Evans Trio",
      "album": "Sunday At The Village Vanguard [Keepnews Collection]",
      "track": "My Man's Gone Now",
      "uri": "spotify:track:3h3bBZbVggVV7ceI2HcA8j"
    },
    {
      "artist": "Bill Evans Trio",
      "album": "Sunday At The Village Vanguard [Keepnews Collection]",
      "track": "Solar",
      "uri": "spotify:track:1wkoi2FS9cbP39FzmyHMsM"
    },
    {
      "artist": "Andrés Calamaro",
      "album": "Alta Suciedad",
      "track": "Flaca",
      "uri": "spotify:track:1p7m9H4H8s0Y7SgRm7j3ED"
    },
    {
      "artist": "J.K. Simmons",
      "album": "Whiplash",
      "track": "What's Your Name - If You Want The Part, Earn It",
      "uri": "spotify:track:0ZIBv1Jm2m51i7ig72HZ5r"
    },
    {
      "artist": "Bill Evans",
      "album": "Undercurrent",
      "track": "Stairway To The Stars",
      "uri": "spotify:track:4qW1WqsyYBi0mPjhzP2XpN"
    },
    {
      "artist": "Hank Levy",
      "album": "Whiplash",
      "track": "Whiplash",
      "uri": "spotify:track:49KJglv5FCTF9FYf8zJd3o"
    },
    {
      "artist": "Stan Getz",
      "album": "This Is Jazz #14",
      "track": "Misty",
      "uri": "spotify:track:4Mdo6FZj42vID4oDi6P4ZW"
    },
    {
      "artist": "Queen",
      "album": "The Works",
      "track": "I Want To Break Free - Single Remix",
      "uri": "spotify:track:2AkmdLbVKS1steeZdy8H1l"
    },
    {
      "artist": "Cyrus Chestnut",
      "album": "Revelation",
      "track": "Lord, Lord, Lord",
      "uri": "spotify:track:5ixRoYnZwPYOBSvHZ2g9DH"
    },
    {
      "artist": "Marquis Hill",
      "album": "The Way We Play",
      "track": "Smile",
      "uri": "spotify:track:3WXviIl1E7UdnieQQPQG0b"
    },
    {
      "artist": "Cannonball Adderley",
      "album": "In Person",
      "track": "Somethin' Else",
      "uri": "spotify:track:0epgPULlve9hHFnUh4hDY7"
    },
    {
      "artist": "Bad Bunny",
      "album": "Sensualidad",
      "track": "Sensualidad",
      "uri": "spotify:track:5hcisvFMidkMJlElTO9Qmw"
    },
    {
      "artist": "Faith No More",
      "album": "Angel Dust",
      "track": "Easy",
      "uri": "spotify:track:4zzvMG8KrsykYtvFEJ99Cl"
    },
    {
      "artist": "Bersuit Vergarabat",
      "album": "Hijos Del Culo",
      "track": "Caroncha",
      "uri": "spotify:track:43NLMavlvVNWqMftJ4U1f9"
    },
    {
      "artist": "Ed Sheeran",
      "album": "+",
      "track": "The A Team",
      "uri": "spotify:track:1VdZ0vKfR5jneCmWIUAMxK"
    },
    {
      "artist": "Pedro Aznar",
      "album": "Puentes Amarillos (Aznar Celebra La Musica De Spinetta)",
      "track": "Barro Tal Vez",
      "uri": "spotify:track:2MYwmOyiyc0UKUwK6RSQpC"
    },
    {
      "artist": "Astor Piazzolla",
      "album": "Live at the Montreal Jazz Festival",
      "track": "Otoño Porteño (Les 4 Saisons de Buenos Aires)",
      "uri": "spotify:track:4ztEoFxrYNHvSOy5hFjZgM"
    },
    {
      "artist": "Bill Evans",
      "album": "Undercurrent",
      "track": "I Hear A Rhapsody",
      "uri": "spotify:track:2oEvw0AfrT2fPNpEnBwVml"
    },
    {
      "artist": "Bersuit Vergarabat",
      "album": "Hijos Del Culo",
      "track": "Canción De Juan",
      "uri": "spotify:track:0tpyFf9gsfDcZF9kQJbc9h"
    },
    {
      "artist": "Joe Pass",
      "album": "Late Night Tales: Belle and Sebastian, Vol. 2 (Sampler)",
      "track": "A Time for Us",
      "uri": "spotify:track:3t7aNy8nHeWkaY4SAncR7n"
    },
    {
      "artist": "Hurts",
      "album": "Lights",
      "track": "Lights - Bakermat Remix",
      "uri": "spotify:track:5kwTdbmR4WXkjISa1U1Yao"
    },
    {
      "artist": "Conociendo Rusia",
      "album": "Cabildo y Juramento",
      "track": "Cabildo y Juramento",
      "uri": "spotify:track:0fQbLONJQqFSePMz1I4UNT"
    },
    {
      "artist": "Bill Evans",
      "album": "Undercurrent",
      "track": "Romain",
      "uri": "spotify:track:5oq7NF2AjuMbfDMWdmFSbE"
    },
    {
      "artist": "Bersuit Vergarabat",
      "album": "La Argentinidad Al Palo",
      "track": "Mariscal Tito",
      "uri": "spotify:track:6628CHg0PvoZgm6iwRoug5"
    },
    {
      "artist": "Pedro Aznar",
      "album": "Puentes Amarillos (Aznar Celebra La Musica De Spinetta)",
      "track": "Todos Estos Años De Gente",
      "uri": "spotify:track:0yzoHWCHJkKzCg35zQJa9A"
    },
    {
      "artist": "La Jury",
      "album": "Maldita Huella",
      "track": "Credulidad",
      "uri": "spotify:track:3K1xVS7WnNpuIpVyXVOuNm"
    },
    {
      "artist": "Carla Bruni",
      "album": "Quelqu'un M'a Dit",
      "track": "Quelqu'un m'a dit",
      "uri": "spotify:track:2RHSAwAN2SVNKeA27L8SUQ"
    },
    {
      "artist": "Gustavo Cerati",
      "album": "Ahí Vamos",
      "track": "Médium",
      "uri": "spotify:track:1Z82Fapx508VSDzoj3aU0k"
    },
    {
      "artist": "Daði Freyr",
      "album": "Think About Things",
      "track": "Think About Things",
      "uri": "spotify:track:2iRniYXjMHKmwXqA2jYXP7"
    },
    {
      "artist": "Gustavo Cerati",
      "album": "Ahí Vamos",
      "track": "La Excepción",
      "uri": "spotify:track:48DrFzIhWsBQKafHOHWWa2"
    },
    {
      "artist": "Guasones",
      "album": "Toro Rojo",
      "track": "Reyes de la Noche",
      "uri": "spotify:track:3nnDwYz3dEd4p2ESdpS1G0"
    },
    {
      "artist": "Raúl Carnota",
      "album": "Solo los Martes",
      "track": "Zambas de Anta y Lozano",
      "uri": "spotify:track:6y0wgKEzN9gxXXHdoTT1Mf"
    },
    {
      "artist": "Zoot Sims",
      "album": "In A Sentimental Mood",
      "track": "Autumn Leaves",
      "uri": "spotify:track:6UxHkvVVRvOdncAdZSd7CK"
    },
    {
      "artist": "Ellen Andersson",
      "album": "'S Wonderful",
      "track": "'S Wonderful",
      "uri": "spotify:track:6klpDGJEtcdk31UTEKVOLb"
    },
    {
      "artist": "Horace Silver",
      "album": "Song For My Father",
      "track": "Song For My Father",
      "uri": "spotify:track:1CDBaGlisZlOJzvx88lL8A"
    },
    {
      "artist": "Bill Evans Trio",
      "album": "Portrait In Jazz",
      "track": "When I Fall In Love",
      "uri": "spotify:track:0P0Wjh8tmH7E8yPS5F9HZA"
    },
    {
      "artist": "Bizarrap",
      "album": "Nicki Nicole: Bzrp Music Sessions, Vol. 13",
      "track": "Nicki Nicole: Bzrp Music Sessions, Vol. 13",
      "uri": "spotify:track:2S93hylQBYLndMnaJuso8S"
    }
  ],
  "albums": [
    {
      "artist": "Gustavo Cerati",
      "album": "Fuerza Natural",
      "uri": "spotify:album:51wepZm3YvZfvFxiu7D5F8"
    },
    {
      "artist": "Bill Evans Trio",
      "album": "Portrait In Jazz",
      "uri": "spotify:album:093nLQ4H81HusNsFdGS4Or"
    },
    {
      "artist": "Various Artists",
      "album": "Whiplash",
      "uri": "spotify:album:7A0R962haXM0ULFWDlyq7u"
    },
    {
      "artist": "Bill Evans Trio",
      "album": "Sunday At The Village Vanguard [Keepnews Collection]",
      "uri": "spotify:album:6FSgsN5ROADI1YQOieljKD"
    },
    {
      "artist": "Jim Hall & Pat Metheny",
      "album": "Jim Hall & Pat Metheny",
      "uri": "spotify:album:3uJFgpotxo4fzcZzaIjNUZ"
    },
    {
      "artist": "Pedro Aznar",
      "album": "Puentes Amarillos (Aznar Celebra La Musica De Spinetta)",
      "uri": "spotify:album:1xTsgyajXmH564CUbeYrOt"
    },
    {
      "artist": "Pescado Rabioso",
      "album": "Artaud",
      "uri": "spotify:album:5MJR9j21vjEi4ODxzhvoTA"
    },
    {
      "artist": "Pink Floyd",
      "album": "The Wall",
      "uri": "spotify:album:5Dbax7G8SWrP9xyzkOvy2F"
    },
    {
      "artist": "Bersuit Vergarabat",
      "album": "La Argentinidad Al Palo",
      "uri": "spotify:album:7cpdpStxuyx72jvGAIfjGy"
    },
    {
      "artist": "Charly García",
      "album": "Piano Bar",
      "uri": "spotify:album:17utekM9a95MchXbkbh47k"
    },
    {
      "artist": "Bill Evans",
      "album": "We Will Meet Again",
      "uri": "spotify:album:5aBbSg7CnyhmFz88eAAY5L"
    },
    {
      "artist": "Shakira",
      "album": "Shakira MTV Unplugged",
      "uri": "spotify:album:3yQQUyIA3vRIRnB4rqtThe"
    },
    {
      "artist": "Daryl Hall & John Oates",
      "album": "H2O",
      "uri": "spotify:album:5nDQAU3K52JimAaShsZoSn"
    },
    {
      "artist": "Buddy Rich",
      "album": "The Best Of Buddy Rich / The Pacific Jazz Years",
      "uri": "spotify:album:6dDw4eIjE7axnxAkaAEh6O"
    },
    {
      "artist": "Pedro Aznar",
      "album": "Quebrado Vivo",
      "uri": "spotify:album:4h0Ues7dxWwg3i6BmPIPiZ"
    },
    {
      "artist": "Raúl Carnota",
      "album": "Solo los Martes",
      "uri": "spotify:album:1lKDQ70HmJ3HSEkPKoJ0h0"
    },
    {
      "artist": "Gwenifer Raymond",
      "album": "Strange Lights Over Garth Mountain",
      "uri": "spotify:album:5KyXUkcCGN6Gb9sVKXyQ3N"
    },
    {
      "artist": "Bersuit Vergarabat",
      "album": "Hijos Del Culo",
      "uri": "spotify:album:6cMJTETgNo2NahG0t4Ghxo"
    },
    {
      "artist": "Paul Desmond Quartet",
      "album": "First Place Again",
      "uri": "spotify:album:457yZoi4mRKYICPB11eq38"
    },
    {
      "artist": "Pink Floyd",
      "album": "The Dark Side of the Moon",
      "uri": "spotify:album:4LH4d3cOWNNsVw41Gqt2kv"
    },
    {
      "artist": "Los Ángeles Azules",
      "album": "Esto Sí Es Cumbia",
      "uri": "spotify:album:1ezTrrYQHb4QAsjw7uHZwG"
    },
    {
      "artist": "Astor Piazzolla",
      "album": "Live at the Montreal Jazz Festival",
      "uri": "spotify:album:0b618H7rseKK021ZEUhWQO"
    },
    {
      "artist": "Soda Stereo",
      "album": "Comfort Y Musica Para Volar",
      "uri": "spotify:album:5RJLKN7ucuVaRAUzNKtKB8"
    },
    {
      "artist": "Bill Evans",
      "album": "Undercurrent",
      "uri": "spotify:album:3b2s2A8DPISbaQNxhrEsGQ"
    },
    {
      "artist": "Gustavo Cerati",
      "album": "Ahí Vamos",
      "uri": "spotify:album:7KHNK7l8peO0t95I1v7BmP"
    }
  ],
  "shows": [
    {
      "name": "AfterMarket",
      "publisher": "AfterMarket",
      "uri": "spotify:show:3Q4466mhoO1ryeFNfL343J"
    },
    {
      "name": "Cállate y Vende",
      "publisher": "Gerardo Rodriguez",
      "uri": "spotify:show:6cmWxZ8lBhMbHHPVL7vqS7"
    },
    {
      "name": "Negra y criminal",
      "publisher": "Podium Podcast",
      "uri": "spotify:show:0kFc4TOnPNc5VIPYcMmrjj"
    },
    {
      "name": "Nunca Ayudes a Nadie",
      "publisher": "Posta",
      "uri": "spotify:show:2qYTEPJZHbVfpgD1gfuwi1"
    },
    {
      "name": "Presidential",
      "publisher": "The Washington Post",
      "uri": "spotify:show:4qhNTktED1AX5OY3eBps1T"
    },
    {
      "name": "The Economist Podcasts",
      "publisher": "The Economist",
      "uri": "spotify:show:2ZFDmgDS2Z6xccP51s1zFQ"
    }
  ],
  "episodes": [
  ],
  "bannedTracks": [
    {
      "artist": "Paulina Rubio",
      "album": "Brava Reload",
      "track": "Boys Will Be Boys",
      "uri": "spotify:track:2qlMpOIPLWbfSXcVuuMHrl"
    }
  ],
  "artists": [
    {
      "name": "1915",
      "uri": "spotify:artist:4jwnlVc9Lj5vMkL32978d1"
    },
    {
      "name": "Astor Piazzolla",
      "uri": "spotify:artist:7dsugSamBB7enWE2IrlbFg"
    },
    {
      "name": "Buddy Rich",
      "uri": "spotify:artist:1pVtwG5Up1OZOEpSHJ4AAs"
    },
    {
      "name": "Carla Bruni",
      "uri": "spotify:artist:1HVwzNriKEjaeE06okqSpx"
    },
    {
      "name": "Charlie Parker",
      "uri": "spotify:artist:4Ww5mwS7BWYjoZTUIrMHfC"
    },
    {
      "name": "Conociendo Rusia",
      "uri": "spotify:artist:79R7PUc6T6j09G8mJzNml2"
    },
    {
      "name": "Ella Fitzgerald",
      "uri": "spotify:artist:5V0MlUE1Bft0mbLlND7FJz"
    },
    {
      "name": "Gustavo Cerati",
      "uri": "spotify:artist:1QOmebWGB6FdFtW7Bo3F0W"
    },
    {
      "name": "Kamasi Washington",
      "uri": "spotify:artist:6HQYnRM4OzToCYPpVBInuU"
    },
    {
      "name": "Los Reyes del Falsete",
      "uri": "spotify:artist:3fSY3Q7ElfLbI1cR3RyOXd"
    },
    {
      "name": "Militantes del Climax",
      "uri": "spotify:artist:09BpCKSle4c7RbDtCuZXnv"
    },
    {
      "name": "Sebastián Barbui",
      "uri": "spotify:artist:54y7TiobofxsGWpRVCwLfh"
    },
    {
      "name": "Snarky Puppy",
      "uri": "spotify:artist:7ENzCHnmJUr20nUjoZ0zZ1"
    },
    {
      "name": "Solomun",
      "uri": "spotify:artist:5wJK4kQAkVGjqM9x46KQOC"
    },
    {
      "name": "Sonny Rollins",
      "uri": "spotify:artist:1VEzN9lxvG6KPR3QQGsebR"
    },
    {
      "name": "Washington Papaño",
      "uri": "spotify:artist:3oNMp5Uy1fh7BXKZVBAnSh"
    }
  ],
  "bannedArtists": [
  ],
  "other": [
  ]
}